年度,股票代號,股票名稱,基金代號,基金簡稱,基金中文名稱,基金英文名稱,ETF類型代號,ETF類型,標的區域代號,標的區域,基金類型,追蹤指數中文名稱,追蹤指數英文名稱,追蹤指數對應代號,指數追蹤方式,指數編製機構,連結之標的ETF,標的ETF追蹤方式,標的ETF費用,基金統編,國際證券編碼,基金上市日期,基金成立日期,上市上櫃,槓桿倍數,加掛ETF,包含外國成份股,是否配息,原幣幣別,交易幣別,追蹤指數幣別,國內保管銀行代號,國內保管銀行,國外保管銀行代號,國外保管銀行,交易單位,交易價格,交易時間,升降單位,漲跌幅度(%),信用交易,證券交易稅,交易手續費費率,管理費(%),保管費(%),基金經理公司,申購買回方式,申購買回申報時間,申購買回基本單位(千),申購手續費(%),買回手續費(%),基金總機,基金地址,基金董事長,基金發言人,基金總經理,基金代理發言人,基金投資經理人,基金總代理人,過戶機構,過戶電話,過戶地址,備註,RTIME
2019,0050,元大台灣50,98636601,元大台灣50,元大台灣卓越50證券投資信託基金,Yuanta/P-shares Taiwan Top 50 ETF,A,國內指數股票型,TW,臺灣,國內成分證券指數股票型基金,臺灣50指數,,TWA50,完全複製法,臺灣證券交易所與FTSE合作編製,,,,98764389,TW0000050004,20030630,20030625,1,1,,否,半年配,,NTD,NTD,5841,中國信託商業銀行,,,1000,每受益權單位為準,同一般股票(上午9時至下午1時30分),每受益權單位市價未滿50元者為1分；50元以上為5分,10,上市當日即適用，且融券賣出無平盤以下不得放空限制,0.001,同上市證券，由證券商訂定，但不得超過千分之一．四二五,0.32,0.035,元大證券投資信託股份有限公司,實物申購/贖回,上午9時至下午3時30分,500,最高不得超過本基金每受益權單位淨資產價值2%,最高不得超過本基金每受益權單位淨資產價值之1%,(02)27175555,台北市中山區南京東路三段219號11樓,黃古彬,劉宗聖,劉宗聖,黃昭棠,張美媛,,臺灣集中保管結算所股份有限公司,(02)27195805,台北市復興北路363號11樓,,293964949
2019,0051,元大中型100,98636817,元大中型100,元大台灣中型100證券投資信託基金,Yuanta/P-shares Taiwan Mid-Cap 100 ETF,A,國內指數股票型,TW,臺灣,國內成分證券指數股票型基金,臺灣中型100指數,,TWA51,完全複製法,臺灣證券交易所與FTSE合作編製,,,,48772770,TW0000051002,20060831,20060824,1,1,,否,年配,,NTD,NTD,5848,台新國際商業銀行,,,1000,每受益權單位為準,同一般股票(上午9時至下午1時30分),每受益權單位市價未滿50元者為1分；50元以上為5分,10,上市當日即適用，且融券賣出無平盤以下不得放空限制,0.001,同上市證券，由證券商訂定，但不得超過千分之一．四二五,0.40,0.035,元大證券投資信託股份有限公司,實物申購/贖回,上午9時至下午3時30分,500,最高不超過每受益權單位淨資產價值2%,最高不超過每受益權單位淨資產價值1%,(02)27175555,台北市中山區南京東路三段219號11樓,黃古彬,劉宗聖,劉宗聖,黃昭棠,許雅惠,,臺灣集中保管結算所股份有限公司,(02)27195805,台北市復興北路363號11樓,,292200611
2019,0052,富邦科技,98636823,富邦科技,富邦台灣科技指數證券投資信託基金,Fubon Taiwan Technology Tracker Fund,A,國內指數股票型,TW,臺灣,國內成分證券指數股票型基金,臺灣資訊科技指數,,TWA52,完全複製法,臺灣證券交易所與FTSE合作編製,,,,48790067,TW0000052000,20060912,20060828,1,1,,否,年配,,NTD,NTD,5848,台新國際商業銀行,,,1000,每受益權單位為準,同一般股票(上午9時至下午1時30分),每受益權單位市價未滿50元者為1分；50元以上為5分,10,上市當日即適用，且融券賣出無平盤以下不得放空限制,0.001,同上市證券，由證券商訂定，但不得超過千分之一．四二五,0.15,0.035,富邦證券投資信託股份有限公司,現金申購/贖回,上午9時至下午3時30分,500,0,0,(02)8771-6688,台北市敦化南路一段108號8樓,胡德興,胡德興,李明州,李明州,粘瑞益,,富邦證券投資信託股份有限公司,(02)8771-6688,台北市敦化南路一段108號8樓,,292200611
2019,0053,元大電子,98636889,元大電子,元大台灣ETF傘型證券投資信託基金之電子科技證券投資信託基金,Yuanta/P-shares Taiwan Electronics Tech ETF,A,國內指數股票型,TW,臺灣,國內成分證券指數股票型基金,電子類加權股價指數,,TWB23,代表性抽樣複製法,臺灣證券交易所編製,,,,48903196,TW0000053008,20070716,20070704,1,1,,否,年配,,NTD,NTD,5841,中國信託商業銀行,,,1000,每受益權單位為準,同一般股票(上午9時至下午1時30分),每受益權單位市價未滿50元者為1分；50元以上為5分,10,上市當日即適用，且融券賣出無平盤以下不得放空限制,0.001,同上市證券，由證券商訂定，但不得超過千分之一．四二五,0.40,0.04,元大證券投資信託股份有限公司,實物申購/贖回,上午9時至下午3時30分,500,最高不超過發行價格2.0%,最高不超過每受益權單位淨資產價值1%,(02)27175555,台北市中山區南京東路三段219號11樓,黃古彬,劉宗聖,劉宗聖,黃昭棠,許雅惠,,臺灣集中保管結算所股份有限公司,(02)27195805,台北市復興北路363號11樓,,292365001
2019,0054,元大台商50,98636890,元大台商50,元大台灣ETF傘型證券投資信託基金之台商收成證券投資信託基金,Yuanta/P-shares S&P Custom China Play 50 ETF,A,國內指數股票型,TW,臺灣,國內成分證券指數股票型基金,S&P台商收成指數,,POLCP.TW,完全複製法,Standard & Poor's Financial Services LLC,,,,48903180,TW0000054006,20070716,20070704,1,1,,否,年配,,NTD,NTD,5841,中國信託商業銀行,,,1000,每受益權單位為準,同一般股票(上午9時至下午1時30分),每受益權單位市價未滿50元者為1分；50元以上為5分,10,上市當日即適用，且融券賣出無平盤以下不得放空限制,0.001,同上市證券，由證券商訂定，但不得超過千分之一．四二五,0.400,0.035,元大證券投資信託股份有限公司,實物申購/贖回,上午9時至下午3時30分,500,最高不超過發行價格2.0%,最高不超過每受益權單位淨資產價值1%,(02)27175555,台北市中山區南京東路三段219號11樓,黃古彬,劉宗聖,劉宗聖,黃昭棠,許雅惠,,臺灣集中保管結算所股份有限公司,(02)27195805,台北市復興北路363號11樓,,292200611
2019,0055,元大MSCI金融,98636891,元大MSCI金融,元大台灣ETF傘型證券投資信託基金之金融證券投資信託基金,Yuanta/P-shares MSCI Taiwan Financials ETF,A,國內指數股票型,TW,臺灣,國內成分證券指數股票型基金,MSCI台灣金融指數,,#TAFMSCI,完全複製法,MSCI Inc.,,,,48903175,TW0000055003,20070716,20070704,1,1,,否,年配,,NTD,NTD,5835,國泰世華商業銀行,,,1000,每受益權單位為準,同一般股票(上午9時至下午1時30分),每受益權單位市價未滿50元者為1分；50元以上為5分,10,上市當日即適用，且融券賣出無平盤以下不得放空限制,0.001,同上市證券，由證券商訂定，但不得超過千分之一．四二五,0.400,0.035,元大證券投資信託股份有限公司,實物申購/贖回,上午9時至下午3時30分,500,最高不超過發行價格2.0%,最高不超過每受益權單位淨資產價值1%,(02)27175555,台北市中山區南京東路三段219號11樓,黃古彬,劉宗聖,劉宗聖,黃昭棠,許雅惠,,臺灣集中保管結算所股份有限公司,(02)27195805,台北市復興北路363號11樓,,293864836
2019,0056,元大高股息,98636930,元大高股息,元大台灣高股息證券投資信託基金,Yuanta/P-shares Taiwan Dividend Plus ETF,A,國內指數股票型,TW,臺灣,國內成分證券指數股票型基金,臺灣高股息指數,,TWA54,完全複製法,臺灣證券交易所與FTSE合作編製,,,,48966213,TW0000056001,20071226,20071213,1,1,,否,年配,,NTD,NTD,5835,國泰世華商業銀行,,,1000,每受益權單位為準,同一般股票(上午9時至下午1時30分),每受益權單位市價未滿50元者為1分；50元以上為5分,10,上市當日即適用，且融券賣出無平盤以下不得放空限制,0.001,同上市證券，由證券商訂定，但不得超過千分之一．四二五,0.400,0.035,元大證券投資信託股份有限公司,實物申購/贖回,上午9時至下午3時30分,500,最高不超過每受益權單位淨資產價值2%,最高不超過每受益權單位淨資產價值1%,(02)27175555,台北市中山區南京東路三段219號11樓,黃古彬,劉宗聖,劉宗聖,黃昭棠,林良一,,臺灣集中保管結算所股份有限公司,(02)27195805,台北市復興北路363號11樓,,293964949
2019,0057,富邦摩台,98636940,富邦摩台,富邦台灣ETF傘型證券投資信託基金之台灣摩根指數股票型基金,FUBON MSCI TAIWAN ETF,A,國內指數股票型,TW,臺灣,國內成分證券指數股票型基金,MSCI臺灣指數,,#TAMSCI,完全複製法,MSCI Inc.,,,,48975156,TW0000057009,20080227,20080214,1,1,,否,年配,,NTD,NTD,5848,台新國際商業銀行,,,1000,每受益權單位為準,同一般股票(上午9時至下午1時30分),每受益權單位市價未滿50元者為1分；50元以上為5分,10,上市當日即適用，且融券賣出無平盤以下不得放空限制,0.001,同上市證券，由證券商訂定，但不得超過千分之一．四二五,0.15,0.035,富邦證券投資信託股份有限公司,實物申購/贖回,上午9時至下午3時30分,500,0.6%,0,(02)8771-6688,台北市敦化南路一段108號8樓,胡德興,胡德興,李明州,李明州,簡伯容,,富邦證券投資信託股份有限公司,(02)8771-6688,台北市敦化南路一段108號8樓,,292200611
2019,0058,富邦發達,98636942,富邦發達,富邦台灣ETF傘型證券投資信託基金之台灣發達指數股票型基金,FUBON TAIWAN EIGHT INDUSTRIES ETF,A,國內指數股票型,TW,臺灣,國內成分證券指數股票型基金,臺灣發達指數,,TWA53,完全複製法,臺灣證券交易所與FTSE合作編製,,,,48977083,TW0000058007,20080227,20080214,1,1,,否,年配,,NTD,NTD,5841,中國信託商業銀行,,,1000,每受益權單位為準,同一般股票(上午9時至下午1時30分),每受益權單位市價未滿50元者為1分；50元以上為5分,10,上市當日即適用，且融券賣出無平盤以下不得放空限制,0.001,同上市證券，由證券商訂定，但不得超過千分之一．四二五,0.15,0.035,富邦證券投資信託股份有限公司,實物申購/贖回,上午9時至下午3時30分,500,0.6%,0,(02)8771-6688,台北市敦化南路一段108號8樓,胡德興,胡德興,李明州,李明州,簡伯容,,富邦證券投資信託股份有限公司,(02)8771-6688,台北市敦化南路一段108號8樓,,292200611
2019,0059,富邦金融,98636941,富邦金融,富邦台灣ETF傘型證券投資信託基金之台灣金融指數股票型基金,FUBON TAIWAN FINANCE ETF,A,國內指數股票型,TW,臺灣,國內成分證券指數股票型基金,金融保險類股指數,,TWB28,最佳化法,臺灣證券交易所,,,,48975162,TW0000059005,20080227,20080214,1,1,,否,年配,,NTD,NTD,5841,中國信託商業銀行,,,1000,每受益權單位為準,同一般股票(上午9時至下午1時30分),每受益權單位市價未滿50元者為1分；50元以上為5分,10,上市當日即適用，且融券賣出無平盤以下不得放空限制,0.001,同上市證券，由證券商訂定，但不得超過千分之一．四二五,0.15,0.035,富邦證券投資信託股份有限公司,實物申購/贖回,上午9時至下午3時30分,500,0.6%,0,(02)8771-6688,台北市敦化南路一段108號8樓,胡德興,胡德興,李明州,李明州,粘瑞益,,富邦證券投資信託股份有限公司,(02)8771-6688,台北市敦化南路一段108號8樓,,292200611
2019,0061,元大寶滬深,98637011,元大寶滬深,元大標智滬深300證券投資信託基金,W.I.S.E. Yuanta/P-shares CSI 300 ETF,D,連結式指數股票型,CN,中國,連結式證券指數股票型基金,滬深300指數,,000300.SS,,中證指數有限公司,標智滬深300中國指數基金,合成複製法，投資AXP交易對手所發行之AXP以追蹤指數，每一檔AXP是與一檔A股或一籃子A股連結的商品(包含但不限於認購權證、票據或參與證書),1.39% (標智滬深300ETF目前之經理費0.99% + AXP存置費用0.3% + 其他費用0.1%),25610486,TW0000061001,20090817,20090804,1,1,,是,不配息,,NTD,CNY,5841,中國信託商業銀行,030,美商道富銀行,1000,每受益權單位為準,同一般股票(上午9時至下午1時30分),每受益權單位市價未滿50元者為1分；50元以上為5分,,上市當日即適用，且融券賣出無平盤以下不得放空限制,0.001,同上市證券，由證券商訂定，但不得超過千分之一．四二五,0.30,0.10,元大證券投資信託股份有限公司,現金申購買回,上午9時至中午12時30分,500,最高不得超過每受益權單位淨資產價值百分之一,最高不得超過本基金每受益權單位淨資產價值百分之一,(02)27175555,台北市中山區南京東路三段219號11樓,黃古彬,劉宗聖,劉宗聖,黃昭棠,盧永祥,,臺灣集中保管結算所股份有限公司,(02)27195805,台北市復興北路363號11樓,,293764971
2019,006201,元大富櫃50,98637112,元大富櫃50,元大櫃買ETF傘型證券投資信託基金之富櫃50證券投資信託基金,Yuanta/P-shares Taiwan GreTai 50 ETF,A,國內指數股票型,TW,臺灣,國內成分股ETF,富櫃五十指數,,TWC50,完全複製法,櫃買中心,,,,26282102,TW0000062017,20110127,20110112,2,1,,否,年配,,NTD,NTD,5835,國泰世華商業銀行,,,1000,每受益權單位為準,同一般股票(上午9時至下午1時30分),每受益權單位市價未滿50元者為1分；50元以上為5分,10,上櫃當日即適用，且無平盤以下不得融券及借券賣出之限制,0.001,同上櫃證券,0.4,0.035,元大證券投資信託股份有限公司,現金申購/贖回,上午9時至中午12時,500,最高不得超過本基金每受益權單位淨資產價值2%,最高不得超過本基金每受益權單位淨資產價值之1%,(02)2717-5555,台北市南京東路三段219號11樓,黃古彬,劉宗聖,劉宗聖,黃昭棠,林良一,,臺灣集中保管結算所股份有限公司,(02)27195805,台北市復興北路363號11樓,,292864943
2019,006203,元大MSCI台灣,98637148,元大MSCI台灣,元大摩臺證券投資信託基金,Yuanta/ P-shares MSCI Taiwan ETF,A,國內指數股票型,TW,臺灣,國內成分證券指數股票型基金,MSCI臺灣指數,,#TAMSCI,完全複製法,MSCI Inc.,,,,26306553,TW0000062033,20110512,20110421,1,1,,否,半年配,,NTD,NTD,5844,第一商業銀行,,,1000,每受益權單位為準,同一般股票(上午9時至下午1時30分),每受益權單位市價未滿50元者為1分；50元以上為5分,10,上市當日即適用，且融券賣出無平盤以下不得放空限制,0.001,同上市證券，由證券商訂定，但不得超過千分之一．四二五,0.30,0.035,元大證券投資信託股份有限公司,實物申購/贖回,上午9時至下午3時30分,500,最高不得超過本基金每受益權單位淨資產價值百分之二,最高不得超過本基金每受益權單位淨資產價值百分之二,(02)27175555,台北市中山區南京東路三段219號11樓,黃古彬,劉宗聖,劉宗聖,黃昭棠,林良一,,臺灣集中保管結算所股份有限公司,(02)27195805,台北市復興北路363號11樓,,292200611
2019,006204,永豐臺灣加權,98637186,永豐臺灣加權,永豐臺灣加權ETF證券投資信託基金,Sinopac TAIEX ETF,A,國內指數股票型,TW,臺灣,國內成分證券指數股票型基金,臺灣證券交易所發行量加權股價指數,,TWA00,最適化法,臺灣證券交易所,,,,26332314,TW0000062041,20110928,20110906,1,1,,否,年配,,NTD,NTD,5835,國泰世華商業銀行,,,1000,每受益權單位為準,同一般股票(上午9時至下午1時30分),每受益權單位市價未滿50元者為1分；50元以上為5分,10,上市當日即適用，且融券賣出無平盤以下不得放空限制,0.001,同上市證券，由證券商訂定，但不得超過千分之一．四二五,0.32,0.035,永豐證券投資信託股份有限公司,現金申購/贖回,上午9時至下午3時30分,1000,最高不得超過本基金每受益權單位淨資產價值2%,最高不得超過本基金每受益權單位淨資產價值1%,(02)2361-8110,100台北市博愛路17號13樓,林弘立,羅瑞媛,黃大川,陳人壽,蔣松原,,永豐證券投資信託股份有限公司,(02)2361-8110,100台北市博愛路17號13樓,,292200611
2019,006205,富邦上証,98637185,富邦上証,富邦上証180證券投資信託基金,Fubon SSE180 ETF,O,跨國投資股票型,CN,中國,國外成分證券指數股票型基金,上証180指數,,SH000010,最佳化法,中証指數有限公司,,,,26334740,TW0000062058,20110926,20110830,1,1,,是,不配息,,NTD,CNY,5848,台新國際商業銀行,382,中國建設銀行,1000,每受益權單位為準,臺灣證券交易所開盤日上午9:00~下午1:30,50元以上為0.05元50元以下為0.01元,,上市當日即適用，且融券賣出無平盤以下不得放空限制,0.001,同上市證券，由證券商訂定，但不得超過千分之一點四二五,0.99,0.10,富邦證券投資信託股份有限公司,現金申購/贖回(新臺幣),上午9時至中午12時,500,100萬以下1.5%，100萬(含)-500萬1.2%，500萬(含)-1000萬1%，1000萬(含)以上0.6%,不得超過2%,(02)8771-6688,台北市敦化南路一段108號8樓,胡德興,胡德興,李明州,李明州,楊貽甯,,富邦證券投資信託股份有限公司,(02)8771-6688,台北市敦化南路一段108號8樓,,293757751
2019,006206,元大上證50,98637236,元大上證50,元大中國傘型證券投資信託基金之上證50證券投資信託基金,Yuanta/P-shares SSE50 ETF,O,跨國投資股票型,CN,中國,國外成分證券指數股票型基金,上證50指數,,SH000016,最佳化法,中證指數有限公司,,,,31830488,TW0000062066,20120511,20120425,1,1,,是,不配息,,NTD,CNY,5847,玉山商業銀行,030,美商道富銀行,1000,每受益權單位為準,臺灣證券交易所開盤日上午9:00~下午1:30,50元以上為0.05元50元以下為0.01元,,上市當日即適用，且融券賣出無平盤以下不得放空限制,0.001,同上市證券，由證券商訂定，但不得超過千分之一點四二五,0.99,0.10,元大證券投資信託股份有限公司,現金申購/贖回,上午9時至中午12時,500,最高不得超過每受益權單位淨資產價值百分之一,最高不得超過本基金每受益權單位淨資產價值百分之一,(02)27175555,台北市中山區南京東路三段219號11樓,黃古彬,劉宗聖,劉宗聖,黃昭棠,陳重銓,,臺灣集中保管結算所股份有限公司,(02)27195805,台北市復興北路363號11樓,,292200611
2019,006207,FH滬深,98637246,FH滬深,復華滬深300 A股證券投資信託基金,Fuh Hwa CSI 300 A Shares Exchange Traded Fund,O,跨國投資股票型,CN,中國,國外成分證券指數股票型基金,滬深300指數,,000300.SS,最佳化複製法,中證指數有限公司,,,,31835478,TW0000062074,20120622,20120605,1,1,,是,不配息,,NTD,CNY,5844,第一商業銀行,F001,香港花旗銀行,1000,每受益權單位為準,臺灣證券交易所開盤日上午9:00~下午1:30,50元以上為0.05元，50元以下為0.01元,,上市當日即適用，且融券賣出無平盤以下不得放空限制,0.001,同上市證券，由證券商訂定，但不得超過千分之一點四二五,0.75,0.10,復華證券投資信託股份有限公司,現金申購/贖回,上午9時至中午12時,500,最高不得超過發行價格之3%,詳公開說明書,(02)8161-6800,台北市八德路二段308號8樓,杜俊雄,周輝啟,周輝啟,邱明強,康毓真,,臺灣集中保管結算所股份有限公司,(02)2719-5805,台北市復興北路363號11樓,,292200611
2019,006208,富邦台50,98637252,富邦台50,富邦台灣釆吉50 證券投資信託基金,Fubon FTSE TWSE Taiwan 50 ETF,A,國內指數股票型,TW,臺灣,國內成分證券指數股票型基金,臺灣50指數,,TWA50,完全複製法,臺灣證券交易所與FTSE合作編製,,,,31840182,TW0000062082,20120717,20120622,1,1,,否,半年配,,NTD,NTD,5844,第一商業銀行,,,1000,每受益權單位為準,同一般股票(上午9時至下午1時30分),每受益權單位市價未滿50元者為1分；50元以上為5分,10,上市當日即適用，且融券賣出無平盤以下不得放空限制,0.001,同上市證券，由證券商訂定，但不得超過千分之一．四二五,0.15,0.035,富邦證券投資信託股份有限公司,現金申購/贖回,上午9時至11時30分,500,未達100萬元以下0%~1.5%，100萬(含)-500萬元0~1.2%，500萬(含)-1000萬元0~1%，1000萬(含)以上0~0.6%,除短線交易買回費用，現行其他買回費用為零,(02)8771-6688,台北市敦化南路108號8樓,胡德興,胡德興,李明州,李明州,粘瑞益,富邦投信,富邦證券投資信託股份有限公司,(02)8771-6688,台北市敦化南路一段108號8樓,,292200611
2019,00625K,富邦上証+R,98637185,富邦上証+R,富邦上証180證券投資信託基金-加掛人民幣ETF受益憑證-國外成份/加掛外幣證券指數股票型基金,FUBON SSE 180 ETF RMB,K,加掛式指數股票型,CN,中國,國外成份/加掛外幣證券指數股票型基金,上証180指數,,SH000010,最佳化法,中証指數有限公司,,,,26334740,TW00000625K4,20160808,20160808,1,1,006205,是,不配息,,CNY,CNY,5848,台新國際商業銀行,382,中國建設銀行,1000,每受益權單位為準,臺灣證券交易所開盤日上午9:00~下午1:30,50元以上為0.05元50元以下為0.01元,,上市當日即適用，且融券賣出無平盤以下不得放空限制,0.001,同上市證券，由證券商訂定，但不得超過千分之一點四二五,0.99,0.10,富邦證券投資信託股份有限公司,現金申購/贖回(新臺幣),上午9時至中午12時,500,100萬以下1.5%，100萬(含)-500萬1.2%，500萬(含)-1000萬1%，1000萬(含)以上0.6%,不得超過2%,(02)8771-6688,台北市敦化南路一段108號8樓,胡德興,胡德興,李明州,李明州,楊貽甯,,富邦證券投資信託股份有限公司,(02)8771-6688,台北市敦化南路一段108號8樓,,292864963
2019,00631L,元大台灣50正2,98637545,元大台灣50正2,元大ETF傘型證券投資信託基金之台灣50單日正向2倍證券投資信託基金,Yuanta Daily Taiwan 50 Bull 2X ETF,L,槓桿指數股票型,TW,臺灣,槓桿/反向指數股票型基金,臺灣50指數,,TWA50,合成複製法,臺灣證券交易所與FTSE合作編製,,,,38619904,TW00000631L0,20141031,20141023,1,2,,否,不配息,,NTD,NTD,5838,華南商業銀行,,,1000,每受益權單位為準,臺灣證券交易所開盤日上午9:00~下午1:30,每受益權單位市價未滿50元者為1分；50元以上為5分,20,上市當日即適用，且融券賣出無平盤以下不得放空限制,0.001,同上市證券，由證券商訂定，但不得超過千分之一點四二五,1,0.04,元大證券投資信託股份有限公司,現金申購/贖回,上午9時至中午12時,500,最高不超過發行價格之百分之一,最高不超過每受益權單位淨資產價值之百分之一,(02)27175555,台北市中山區南京東路三段219號11樓,黃古彬,劉宗聖,劉宗聖,黃昭棠,陳威志,,臺灣集中保管結算所股份有限公司,(02)27195805,臺北市復興北路363號11樓,,293764971
2019,00632R,元大台灣50反1,98637546,元大台灣50反1,元大ETF傘型證券投資信託基金之台灣50單日反向1倍證券投資信託基金,Yuanta Daily Taiwan 50 Bear -1X ETF,R,反向指數股票型,TW,臺灣,槓桿/反向指數股票型基金,臺灣50指數,,TWA50,合成複製法,臺灣證券交易所與FTSE合作編製,,,,38619910,TW00000632R5,20141031,20141023,1,-1,,否,不配息,,NTD,NTD,5838,華南商業銀行,,,1000,每受益權單位為準,臺灣證券交易所開盤日上午9:00~下午1:30,每受益權單位市價未滿50元者為1分；50元以上為5分,10,上市當日即適用，且融券賣出無平盤以下不得放空限制,0.001,同上市證券，由證券商訂定，但不得超過千分之一點四二五,1,0.04,元大證券投資信託股份有限公司,現金申購/贖回,上午9時至中午12時,500,最高不超過發行價格之百分之一,最高不超過每受益權單位淨資產價值之百分之一,(02)27175555,台北市中山區南京東路三段219號11樓,黃古彬,劉宗聖,劉宗聖,黃昭棠,陳威志,,臺灣集中保管結算所股份有限公司,(02)27195805,臺北市復興北路363號11樓,,293964949
2019,00633L,富邦上証正2,98637563,富邦上証正2,富邦中國ETF傘型證券投資信託基金之富邦上証180單日正向兩倍證券投資信託基金,Fubon SSE 180 Leveraged 2X Index ETF,L,槓桿指數股票型,CN,中國,槓桿/反向指數股票型基金,上証180兩倍槓桿指數,,SHH50045,合成複製法,中証指數有限公司,,,,38633011,TW00000633L6,20141125,20141111,1,2,,是,不配息,,NTD,CNY,5849,永豐商業銀行,081,匯豐(台灣)商業銀行,1000,每受益權單位為準,臺灣證券交易所開盤日上午9:00~下午1:30,每受益權單位市價未滿50元者為1分；50元以上為5分,,上市當日即適用，且融券賣出無平盤以下不得放空限制,0.001,同上市證券，由證券商訂定，但不得超過千分之一點四二五,0.99,0.23,富邦證券投資信託股份有限公司,現金申購/贖回,上午9時至中午12時,500,不超過2%,不超過2%,(02)8771-6688,台北市敦化南路一段108號8樓,胡德興,胡德興,李明州,李明州,粘瑞益,富邦投信,富邦證券投資信託股份有限公司,(02)8771-6688,台北市敦化南路一段108號8樓,,293957741
2019,00634R,富邦上証反1,98637564,富邦上証反1,富邦中國ETF傘型證券投資信託基金之富邦上証180單日反向一倍證券投資信託基金,Fubon SSE 180 Inversed Index ETF,R,反向指數股票型,CN,中國,槓桿/反向指數股票型基金,上証180反向指數,,SHH50046,合成複製法,中証指數有限公司,,,,38633027,TW00000634R1,20141125,20131111,1,-1,,是,不配息,,NTD,CNY,5849,永豐商業銀行,081,匯豐(台灣)商業銀行,1000,每受益權單位為準,臺灣證券交易所開盤日上午9:00~下午1:30,每受益權單位市價未滿50元者為1分；50元以上為5分,,上市當日即適用，且融券賣出無平盤以下不得放空限制,0.001,同上市證券，由證券商訂定，但不得超過千分之一點四二五,0.99,0.23,富邦證券投資信託股份有限公司,現金申購/贖回,上午9時至中午12時,500,不超過2%,不超過2%,(02)8771-6688,台北市敦化南路一段108號8樓,胡德興,胡德興,李明州,李明州,簡伯容,富邦投信,富邦證券投資信託股份有限公司,(02)8771-6688,台北市敦化南路一段108號8樓,,293557682
2019,00635U,元大S&P黃金,F0030003,元大S&P黃金,元大標普高盛黃金ER指數股票型期貨信託基金,Yuanta S&P GSCI Gold ER Futures ETF,U,期信指數股票型,#oth,其他,指數股票型期貨信託基金,標普高盛黃金ER指數,S&P GSCI Gold Excess Return Index,SPGSGCP.US,完全複製法,標普道瓊斯指數公司(S&P Dow Jones Indices LLC),,,,38651191,TW00000635U2,20150415,20150401,1,1,,是,不配息,,NTD,USD,5858,臺灣銀行,,,1000,每受益權單位為準,臺灣證券交易所開盤日上午9:00~下午1:30,每受益權單位市價未滿50元者為1分；50元以上為5分,,上市當日即適用，且融券賣出無平盤以下不得放空限制,0.001,同上市證券，由證券商訂定，但不得超過千分之一點四二五,1.00,0.15,元大證券投資信託股份有限公司,現金申購/贖回,上午9時至中午13時30分,500,1.00,1.00,02-27175555,台北市中山區南京東路三段219號11樓,黃古彬,劉宗聖,劉宗聖,黃昭棠,潘昶安,,臺灣集中保管結算所股份有限公司,(02)27195805,台北市復興北路363號11樓,,293264952
2019,00636,國泰中國A50,98637675,國泰中國A50,國泰富時中國A50證券投資信託基金,Cathay FTSE China A50 ETF,O,跨國投資股票型,CN,中國,國外成分證券指數股票型基金,富時中國A50指數,,#XIN9I,完全複製法,富時指數公司,,,,42260528,TW0000063601,20150401,20150320,1,1,,是,不配息,,NTD,CNY,5872,匯豐(台灣)商業銀行,F002,匯豐機構信託服務(亞洲)公司,1000,每受益權單位為準,臺灣證券交易所開盤日上午9:00~下午1:30,50元以上為0.05元50元以下為0.01元,,上市當日即適用，且融券賣出無平盤以下不得放空限制,0.001,同上市證券，由證券商訂定，但不得超過千分之一點四二五,0.95,0.10,國泰證券投資信託股份有限公司,現金申購/贖回(新臺幣),上午9時至中午12時,500,最高2.0%,最高2.0%,0227008399,台北市大安區敦化南路2段39號6樓,張錫,吳惠君,張雍川,張永輝,鄭立誠,國泰證券投資信託股份有限公司,台灣集中保管結算所股份有限公司,0227195805,台北市復興北路363號11樓,,293957741
2019,00636K,國泰中國A50+U,98637675,國泰中國A50+U,國泰富時中國A50證券投資信託基金(加掛美元受益憑證)-國外成份/加掛外幣證券指數股票型基金,Cathay FTSE China A50 ETF,K,加掛式指數股票型,CN,中國,國外成份/加掛外幣證券指數股票型基金,富時中國A50指數,,#XIN9I,完全複製法,富時指數公司,,,,42260528,TW00000636K1,20171024,20171024,1,1,00636,是,不配息,,USD,CNY,5872,匯豐(台灣)商業銀行,F002,匯豐機構信託服務(亞洲)有限公司,100,每受益權單位為準,臺灣證券交易所開盤日上午9:00~下午1:30,50元以上為0.05元50元以下為0.01元,,上市當日即適用，且融券賣出無平盤以下不得放空限制,0.001,同上市證券，由證券商訂定，但不得超過千分之一點四二五,0.95,0.10,國泰證券投資信託股份有限公司,現金申購/贖回(新臺幣),上午9時至中午12時,500,最高2.0%,最高2.0%,0227008399,台北市大安區敦化南路2段39號6樓,張錫,吳惠君,張雍川,張永輝,鄭立誠,國泰證券投資信託股份有限,台灣集中保管結算所股份有限公司,0227195805,台北市復興北路363號11樓,,292200611
2019,00637L,元大滬深300正2,98637740,元大滬深300正2,元大滬深300傘型證券投資信託基金之滬深300單日正向2倍證券投資信託基金,Yuanta Daily CSI300 Bull 2X ETF,L,槓桿指數股票型,CN,中國,槓桿/反向指數股票型基金,滬深300日報酬正向兩倍指數,CSI300 Daily Return Leveraged 2X Index,CSH30403,合成複製法,中證指數有限公司,,,,42300253,TW00000637L7,20150518,20150506,1,2,,是,不配息,,NTD,CNY,5847,玉山商業銀行,030,美商道富銀行,1000,每受益權單位為準,臺灣證券交易所開盤日上午9:00~下午1:30,每受益權單位市價未滿50元者為1分；50元以上為5分,,上市當日即適用，且融券賣出無平盤以下不得放空限制,0.001,同上市證券，由證券商訂定，但不得超過千分之一點四二五,0.99,0.23,元大證券投資信託股份有限公司,現金申購/贖回,上午9時至中午12時,500,最高不得超過發行價格之百分之一,最高不得超過本基金每受益權單位資產資百分之一,02-27175555,台北市中山區南京東路三段219號11樓,黃古彬,劉宗聖,劉宗聖,黃昭棠,李孟霞,,臺灣集中保管結算所股份有限公司,(02)27195805,台北市復興北路363號11樓,,293964949
2019,00638R,元大滬深300反1,98637739,元大滬深300反1,元大滬深300傘型證券投資信託基金之滬深300單日反向1倍證券投資信託基金,Yuanta Daily CSI 300 Bear -1X ETF,R,反向指數股票型,CN,中國,槓桿/反向指數股票型基金,滬深300日報酬反向一倍指數,CSI300 Daily Return Inversed Index,CSH30404,合成複製法,中證指數有限公司,,,,42300232,TW00000638R2,20150518,20150506,1,-1,,是,不配息,,NTD,CNY,5847,玉山商業銀行,030,美商道富銀行,1000,每受益權單位為準,臺灣證券交易所開盤日上午9:00~下午1:30,每受益權單位市價未滿50元者為1分；50元以上為5分,,上市當日即適用，且融券賣出無平盤以下不得放空限制,0.001,同上市證券，由證券商訂定，但不得超過千分之一點四二五,0.99,0.21,元大證券投資信託股份有限公司,現金申購/贖回,上午9時至中午12時,500,最高不得超過發行價格之１％,最高不得超過本基金每受益權單位淨資產價值百分之一,02-27175555,台北市中山區南京東路三段219號11樓,黃古彬,劉宗聖,劉宗聖,黃昭棠,陳重銓,,臺灣集中保管結算所股份有限公司,(02)27195805,台北市復興北路363號11樓,,292200611
2019,00639,富邦深100,98637753,富邦深100,富邦深証100證券投資信託基金,Fubon SZSE 100 ETF,O,跨國投資股票型,CN,中國,國外成分證券指數股票型基金,深証100指數,,SZ399330,最佳化,深圳證券信息有限公司,,,,42302273,TW0000063908,20150609,20150520,1,1,,是,不配息,,NTD,CNY,5848,台新國際商業銀行,382,中國建設銀行,1000,每受益權單位為準,臺灣證券交易所開盤日上午9:00~下午1:30,每受益權單位市價未滿50元者為1分；50元以上為5分,,上市當日即適用，且融券賣出無平盤以下不得放空限制,0.001,同上市證券，由證券商訂定，但不得超過千分之一點四二五,0.99,0.1,富邦證券投資信託股份有限公司,現金申購/贖回,上午9時至中午12時,500,不超過2%現行為5000,不超過2%現行為5000,(02)8771-6688,台北市敦化南路一段108號8樓,胡德興,胡德興,李明州,李明州,簡伯容,富邦投信,富邦證券投資信託股份有限公司,(02)8771-6688,台北市敦化南路一段108號8樓,,293757751
2019,00640L,富邦日本正2,98637817,富邦日本正2,富邦日本ETF傘型證券投資信託基金之富邦日本東証單日正向兩倍證券投資信託基金,Fubon TOPIX Leveraged 2X Index ETF,L,槓桿指數股票型,JP,日本,槓桿/反向指數股票型基金,東証正向二倍指數,,TOPIX2L.JP,最佳化,東京交易所,,,,42319561,TW00000640L1,20150910,20150827,1,2,,是,不配息,,NTD,JPY,5849,永豐商業銀行,325,香港上海匯豐銀行,1000,每受益權單位為準,臺灣證券交易所開盤日上午9:00~下午1:30,每受益權單位市價未滿50元者為1分；50元以上為5分,,上市當日即適用，且融券賣出無平盤以下不得放空限制,0.001,同上市證券，由證券商訂定，但不得超過千分之一點四二五,0.99,0.21,富邦證券投資信託股份有限公司,現金申購/贖回,上午9時至中午12時,500,不超過2%,不超過2%,(02)8771-6688,台北市敦化南路一段108號8樓,胡德興,胡德興,李明州,李明州,楊貽甯,富邦投信,富邦證券投資信託股份有限公司,(02)8771-6688,台北市敦化南路一段108號8樓,,292957705
2019,00641R,富邦日本反1,98637818,富邦日本反1,富邦日本ETF傘型證券投資信託基金之富邦日本東証單日反向一倍證券投資信託基金,Fubon TOPIX Inversed-1X Index ETF,R,反向指數股票型,JP,日本,槓桿/反向指數股票型基金,東証反向一倍指數,,TOPIX1I.JP,最佳化,東京交易所,,,,42319582,TW00000641R6,20150910,20150827,1,-1,,是,不配息,,NTD,JPY,5849,永豐商業銀行,325,香港上海匯豐銀行,1000,每受益權單位為準,臺灣證券交易所開盤日上午9:00~下午1:30,每受益權單位市價未滿50元者為1分；50元以上為5分,,上市當日即適用，且融券賣出無平盤以下不得放空限制,0.001,同上市證券，由證券商訂定，但不得超過千分之一點四二五,0.99,0.18,富邦證券投資信託股份有限公司,現金申購/贖回,上午9時至中午12時,500,不超過2%,不超過2%,(02)8771-6688,台北市敦化南路一段108號8樓,胡德興,胡德興,李明州,李明州,粘瑞益,富邦投信,富邦證券投資信託股份有限公司,(02)8771-6688,台北市敦化南路一段108號8樓,,292200611
2019,00642U,元大S&P石油,F0030004,元大S&P石油,元大標普高盛原油ER指數股票型期貨信託基金,Yuanta S&P GSCI Crude Oil ER Futures ETF,U,期信指數股票型,#oth,其他,指數股票型期貨信託基金,標普高盛原油增強超額回報指數,S&P GSCI Crude Oil Enhanced Excess Return,SPGSCIE.US,完全複製法,標普道瓊斯指數公司(S&P Dow Jones Indices),,,,42320363,TW00000642U8,20150907,20150827,1,1,,是,不配息,,NTD,USD,5849,永豐商業銀行,,,1000,每受益權單位為準,臺灣證券交易所開盤日上午9:00~下午1:30,每受益權單位市價未滿50元者為1分；50元以上為5分,,上市當日即適用，且融券賣出無平盤以下不得放空限制,0.001,同上市證券，由證券商訂定，但不得超過千分之一點四二五,1.00,0.15,元大證券投資信託股份有限公司,現金申購/贖回,上午9時至中午13時30分,500,1.00,1.00,02-27175555,台北市中山區南京東路三段219號11樓,黃古彬,劉宗聖,劉宗聖,黃昭棠,曾士育(核心)/方雅婷(,,臺灣集中保管結算所股份有限公司,(02)27195805,台北市復興北路363號11樓,,293964949
2019,00643,群益深証中小,98637909,群益深証中小,群益深証中小板證券投資信託基金,CAPITAL SZSE SME PRICE INDEX ETF,O,跨國投資股票型,CN,中國,國外成分證券指數股票型基金,深証中小板指數,,SZ399005,最佳化複製法,深圳證券信息有限公司,,,,42323777,TW0000064302,20151202,20151112,1,1,,是,不配息,,NTD,CNY,5847,玉山商業銀行,325,香港上海匯豐銀行,1000,每受益權單位為準,臺灣證券交易所開盤日上午9:00~下午1:30,每受益權單位市價未滿50元者為0.01元；50元以上為0.05元,,上市當日即適用，且融券賣出無平盤以下不得放空限制,0.001,同上市證券，由證券商訂定，但不得超過千分之一點四二五,0.95,0.13,群益證券投資信託股份有限公司,現金申購/贖回(新臺幣),上午9時至中午12時,500,2%,2%,(02)27067688,台北市大安區敦化南路二段69號15樓,賴政昇,林慧玟,陳明輝,無,張菁惠,無,群益證券投資信託股份有限公司,(02)27067688,台北市大安區敦化南路二段69號15樓,,293757751
2019,00643K,群益深証中小+R,98637909,群益深証中小+R,群益深証中小板證券投資信託基金-加掛人民幣ETF受益憑證-國外成份/加掛外幣證券指數股票型基金,CAPITAL SZSE SME PRICE INDEX ETF,K,加掛式指數股票型,CN,中國,國外成份/加掛外幣證券指數股票型基金,深証中小板指數,,SZ399005,最佳化複製法,深圳證券信息有限公司,,,,42323777,TW00000643K7,20160826,20151112,1,1,00643,是,不配息,,CNY,CNY,5847,玉山商業銀行,325,香港上海匯豐銀行,1000,每受益權單位為準,臺灣證券交易所開盤日上午9:00~下午1:30,每受益權單位市價未滿50元者為0.01元；50元以上為0.05元,,上市當日即適用，且融券賣出無平盤以下不得放空限制,0.001,同上市證券，由證券商訂定，但不得超過千分之一點四二五,0.95,0.13,群益證券投資信託股份有限公司,現金申購/贖回(新臺幣),上午9時至中午12時,500,2%,2%,(02)27067688,台北市大安區敦化南路二段69號15樓,賴政昇,林慧玟,陳明輝,無,張菁惠,無,群益證券投資信託股份有限公司,(02)27067688,台北市大安區敦化南路二段69號15樓,,292200611
2019,00645,富邦日本,98637874,富邦日本,富邦日本東証證券投資信託基金,Fubon TOPIX ETF,O,跨國投資股票型,JP,日本,國外成分證券指數股票型基金,東證股價指數,,#998405.T,最佳化,東京交易所,,,,42328908,TW0000064500,20151106,20151028,1,1,,是,不配息,,NTD,JPY,5849,永豐商業銀行,F001,香港花旗銀行,1000,每受益權單位為準,臺灣證券交易所開盤日上午9:00~下午1:30,每受益權單位市價未滿50元者為1分；50元以上為5分,,上市當日即適用，且融券賣出無平盤以下不得放空限制,0.001,同上市證券，由證券商訂定，但不得超過千分之一點四二五,0.50,0.20,富邦證券投資信託股份有限公司,現金申購/贖回,上午9時至11時30分,500,不超過2%,不超過2%,(02)8771-6688,台北市敦化南路一段108號8樓,胡德興,胡德興,李明州,李明州,粘瑞益,富邦投信,富邦證券投資信託股份有限公司,(02)8771-6688,台北市敦化南路一段108號8樓,,292200611
2019,00646,元大S&P500,98637943,元大S&P500,元大標普500傘型證券投資信託基金之標普500證券投資信託基金,Yuanta S&P 500 ETF,O,跨國投資股票型,US,美國,國外成分證券指數股票型基金,標普500指數,S&P 500,#GSPC,完全複製法,標普道瓊斯指數公司(S&P Dow Jones Indices),,,,42333613,TW0000064609,20151214,20151202,1,1,,是,年配,,NTD,USD,5847,玉山商業銀行,F001,香港花旗銀行,1000,每受益權單位為準,臺灣證券交易所開盤日上午9:00~下午1:30,每受益權單位市價未滿50元者為1分；50元以上為5分,,上市當日即適用，且融券賣出無平盤以下不得放空限制,0.001,同上市證券，由證券商訂定，但不得超過千分之一點四二五,0.50,0.21,元大證券投資信託股份有限公司,現金申購/贖回,上午9時至中午13時30分,500,本基金成立日（不含當日）最高不得超過發行價格百分之一。本基金上市日起，最高不得超過本基金每受益權單位淨資產價值百分之一，本基金申購手續費依最新公開說明書規定。,最高不得超過本基金每受益權單位淨資產價值百分之一，並得由經理公司在此範圍內公告後調整。買回手續費不併入本基金資產。買回手續費依最新公開說明書之規定。,02-27175555,台北市中山區南京東路三段219號11樓,黃古彬,劉宗聖,劉宗聖,黃昭棠,盧永祥,,臺灣集中保管結算所股份有限公司,(02)27195805,台北市復興北路363號11樓,,293864836
2019,00647L,元大S&P500正2,98637942,元大S&P500正2,元大標普500傘型證券投資信託基金之標普500單日正向2倍證券投資信託基金,Yuanta Daily S&P 500 Bull 2X ETF,L,槓桿指數股票型,US,美國,槓桿/反向指數股票型基金,標普500 2倍槓桿指數,S&P 500R PR 2X Leverage Carry-Free Daily Index,SPXT2L.US,合成複製法,標普道瓊斯指數公司(S&P Dow Jones Indices),,,,42333579,TW00000647L6,20151214,20151202,1,2,,是,不配息,,NTD,USD,5847,玉山商業銀行,F001,香港花旗銀行,1000,每受益權單位為準,臺灣證券交易所開盤日上午9:00~下午1:30,每受益權單位市價未滿50元者為1分；50元以上為5分,,上市當日即適用，且融券賣出無平盤以下不得放空限制,0.001,同上市證券，由證券商訂定，但不得超過千分之一點四二五,0.99,0.20,元大證券投資信託股份有限公司,現金申購/贖回,上午9時至中午13時30分,500,每受益權單位最高不超過發行價格１％,每受益權單位最高不超過發行價格１％,02-27175555,台北市中山區南京東路三段219號11樓,黃古彬,劉宗聖,劉宗聖,黃昭棠,劉偉正,,臺灣集中保管結算所股份有限公司,02-27195805,台北市復興北路363號11樓,,293664961
2019,00648R,元大S&P500反1,98637941,元大S&P500反1,元大標普500傘型證券投資信託基金之標普500單日反向1倍證券投資信託基金,Yuanta Daily S&P 500 Bear 1X ETF,R,反向指數股票型,US,美國,槓桿/反向指數股票型基金,標普500反向指數,S&P 500 PR Inverse Carry Free Daily,SPXTS.US,合成複製法,標普道瓊斯指數公司(S&P Dow Jones Indices),,,,42333563,TW00000648R1,20151214,20151202,1,-1,,是,不配息,,NTD,USD,5847,玉山商業銀行,F001,香港花旗銀行,1000,每受益權單位為準,臺灣證券交易所開盤日上午9:00~下午1:30,每受益權單位市價未滿50元者為1分；50元以上為5分,,上市當日即適用，且融券賣出無平盤以下不得放空限制,0.001,同上市證券，由證券商訂定，但不得超過千分之一點四二五,0.99,0.18,元大證券投資信託股份有限公司,現金申購/贖回,上午9時至中午13時30分,500,每受益權單位最高不超過發行價格１％,每受益權單位最高不超過發行價格１％,02-27175555,台北市中山區南京東路三段219號11樓,黃古彬,劉宗聖,劉宗聖,黃昭棠,劉偉正,,臺灣集中保管結算所股份有限公司,02-27195805,台北市復興北路363號11樓,,293964949
2019,00649,FH香港,98637960,FH香港,復華香港ETF傘型證券投資信託基金之復華琤芤狳擏賳磭H託基金,Fuh Hwa Hang Seng ETF,O,跨國投資股票型,HK,香港,國外成分證券指數股票型基金,琤肏數,,#HSI,完全複製法,琤肏數有限公司,,,,42329884,TW0000064906,20160127,20160113,1,1,,是,不配息,,NTD,HKD,5847,玉山商業銀行,030,美商道富銀行,1000,每受益權單位為準,臺灣證券交易所開盤日上午9:00~下午1:30,每受益權單位市價未滿50元者為0.01元；50元以上為0.05元,,上市當日即適用，且融券賣出無平盤以下不得放空限制,0.001,同上市證券，由證券商訂定，但不得超過千分之一點四二五,0.95,0.18,復華證券投資信託股份有限公司,現金申購/贖回,上午9時至中午12時,500,最高不得超過每受益權單位淨資產價值之3%,詳公開說明書,(02)8161-6800,台北市八德路二段308號8樓,杜俊雄,周輝啟,周輝啟,邱明強,康毓真,,臺灣集中保管結算所股份有限公司,(02)2719-5805,台北市復興北路363號11樓,,292857749
2019,00650L,FH香港正2,98637958,FH香港正2,復華香港ETF傘型證券投資信託基金之復華琤苀璊擖縝V二倍證券投資信託基金,Fuh Hwa Daily Hang Seng Leveraged 2X ETF,L,槓桿指數股票型,HK,香港,槓桿/反向指數股票型基金,瓻槓桿指數,,HSILI,合成複製法,琤肏數有限公司,,,,42329863,TW00000650L0,20160127,20160113,1,2,,是,不配息,,NTD,HKD,5847,玉山商業銀行,030,美商道富銀行,1000,每受益權單位為準,臺灣證券交易所開盤日上午9:00~下午1:30,每受益權單位市價未滿50元者為0.01元；50元以上為0.05元,,上市當日即適用，且融券賣出無平盤以下不得放空限制,0.001,同上市證券，由證券商訂定，但不得超過千分之一點四二五,0.95,0.17,復華證券投資信託股份有限公司,現金申購/贖回,上午9時至中午12時,500,最高不得超過每受益權單位淨資產價值之3%,詳公開說明書,(02)8161-6800,台北市八德路二段308號8樓,杜俊雄,周輝啟,周輝啟,邱明強,康毓真,,臺灣集中保管結算所股份有限公司,(02)2719-5805,台北市復興北路363號11樓,,292200611
2019,00651R,FH香港反1,98637959,FH香港反1,復華香港ETF傘型證券投資信託基金之復華琤苀璊擗浀V一倍證券投資信託基金,Fuh Hwa Daily Hang Seng Inversed ETF,R,反向指數股票型,HK,香港,槓桿/反向指數股票型基金,瓻短倉指數,,HSISI,合成複製法,琤肏數有限公司,,,,42329879,TW00000651R5,20160127,20160113,1,-1,,是,不配息,,NTD,HKD,5847,玉山商業銀行,030,美商道富銀行,1000,每受益權單位為準,臺灣證券交易所開盤日上午9:00~下午1:30,每受益權單位市價未滿50元者為0.01元；50元以上為0.05元,,上市當日即適用，且融券賣出無平盤以下不得放空限制,0.001,同上市證券，由證券商訂定，但不得超過千分之一點四二五,0.95,0.17,復華證券投資信託股份有限公司,現金申購/贖回,上午9時至中午12時,500,最高不得超過每受益權單位淨資產價值之3%,詳公開說明書,(02)8161-6800,台北市八德路二段308號8樓,杜俊雄,周輝啟,周輝啟,邱明強,康毓真,,臺灣集中保管結算所股份有限公司,(02)2719-5805,台北市復興北路363號11樓,,292857749
2019,00652,富邦印度,98638007,富邦印度,富邦印度ETF傘型證券投資信託基金之富邦印度NIFTY證券投資信託基金,Fubon NIFTY ETF,O,跨國投資股票型,IN,印度,國外成分證券指數股票型基金,NIFTY指數,,NIFTY.IN,最佳化,India Index Services & Products Limited,,,,42376963,TW0000065200,20160329,20160316,1,1,,是,不配息,,NTD,INR,5841,中國信託商業銀行,325,香港上海匯豐銀行,1000,每受益權單位為準,臺灣證券交易所開盤日上午9:00~下午1:30,每受益權單位市價未滿50元者為1分；50元以上為5分,,上市當日即適用，且融券賣出無平盤以下不得放空限制,0.001,同上市證券，由證券商訂定，但不得超過千分之一點四二五,0.99,0.26,富邦證券投資信託股份有限公司,現金申購/贖回,上午9時至下午1時30分,500,不超過2%,不超過2%,(02)8771-6688,台北市敦化南路一段108號8樓,胡德興,胡德興,李明州,李明州,簡伯容,富邦投信,富邦證券投資信託股有限公司,(02)8771-6688,台北市敦化南路一段108號8樓,,292200611
2019,00653L,富邦印度正2,98638009,富邦印度正2,富邦印度ETF傘型證券投資信託基金之富邦印度NIFTY單日正向兩倍證券投資信託基金,Fubon NIFTY 2X Leveraged Index ETF,L,槓桿指數股票型,IN,印度,槓桿/反向指數股票型基金,NIFTY正向2倍指數,,NIFTYP2.IN,最佳化,India Index Services & Products Limited,,,,42376990,TW00000653L4,20160329,20160316,1,2,,是,不配息,,NTD,INR,5841,中國信託商業銀行,325,香港上海匯豐銀行,1000,每受益權單位為準,臺灣證券交易所開盤日上午9:00~下午1:30,每受益權單位市價未滿50元者為1分；50元以上為5分,,上市當日即適用，且融券賣出無平盤以下不得放空限制,0.001,同上市證券，由證券商訂定，但不得超過千分之一點四二五,0.99,0.23,富邦證券投資信託股份有限公司,現金申購/贖回,上午9時至下午1時30分,500,不超過2%,不超過2%,(02)8771-6688,台北市敦化南路一段108號8樓,胡德興,胡德興,李明州,李明州,粘瑞益,富邦投信,富邦證券投資信託股份有限公司,(02)8771-6688,台北市敦化南路一段108號8樓,,292457643
2019,00654R,富邦印度反1,98638008,富邦印度反1,富邦印度ETF傘型證券投資信託基金之富邦印度NIFTY單日反向一倍證券投資信託基金,Fubon NIFTY -1 Inverse Index ETF,R,反向指數股票型,IN,印度,槓桿/反向指數股票型基金,NIFTY反向1倍指數,,NIFTYP1.IN,最佳化,India Index Services & Products Limited,,,,42376984,TW00000654R9,20160329,20160316,1,-1,,是,不配息,,NTD,INR,5841,中國信託商業銀行,325,香港上海匯豐銀行,1000,每受益權單位為準,臺灣證券交易所開盤日上午9:00~下午1:30,每受益權單位市價未滿50元者為1分；50元以上為5分,,上市當日即適用，且融券賣出無平盤以下不得放空限制,0.001,同上市證券，由證券商訂定，但不得超過千分之一點四二五,0.99,0.23,富邦證券投資信託股份有限公司,現金申購/贖回,上午9時至下午1時30分,500,不超過2%,不超過2%,(02)8771-6688,台北市敦化南路一段108號8樓,胡德興,胡德興,李明州,李明州,簡伯容,富邦投信,富邦證券投資信託股份有限公司,(02)8771-6688,台北市敦化南路一段108號8樓,,292200611
2019,00655L,國泰中國A50正2,98637988,國泰中國A50正2,國泰A50傘型證券投資信託基金之富時中國A50單日正向2倍證券投資信託基金,Cathay FTSE China A50 Daily Leveraged 2X ETF,L,槓桿指數股票型,CN,中國,槓桿/反向指數股票型基金,富時中國A50兩倍槓桿指數,,XIN9I2L.CN,合成複製法,富時指數公司,,,,42385148,TW00000655L9,20160318,20160308,1,2,,是,不配息,,NTD,CNY,5847,玉山商業銀行,030,美商道富銀行,1000,每受益權單位為準,臺灣證券交易所開盤日上午9:00~下午1:30,50元以上為0.05元50元以下為0.01元,,上市當日即適用，且融券賣出無平盤以下不得放空限制,0.001,同上市證券，由證券商訂定，但不得超過千分之一點四二五,0.95,0.21,國泰證券投資信託股份有限公司,現金申購/贖回,上午9時至中午1時30分,500,最高2.0%,最高2.0%,0227008399,台北市大安區敦化南路二段39號6樓,張錫,吳惠君,張雍川,張永輝,游日傑,國泰證券投資信託股份有限公司,台灣集中保管結算所股份有限公司,0227195805,台北市復興北路363號11樓,,293957741
2019,00656R,國泰中國A50反1,98637987,國泰中國A50反1,國泰A50傘型證券投資信託基金之富時中國A50單日反向1倍證券投資信託基金,Cathay FTSE China A50 Daily Inversed ETF,R,反向指數股票型,CN,中國,槓桿/反向指數股票型基金,富時中國A50反向指數,,XIN9I1I.CN,合成複製法,富時指數公司,,,,42385127,TW00000656R4,20160318,20160308,1,-1,,是,不配息,,NTD,CNY,5847,玉山商業銀行,030,美商道富銀行,1000,每受益權單位為準,臺灣證券交易所開盤日上午9:00~下午1:30,50元以上為0.05元50元以下為0.01元,,上市當日即適用，且融券賣出無平盤以下不得放空限制,0.001,同上市證券，由證券商訂定，但不得超過千分之一點四二五,0.95,0.18,國泰證券投資信託股份有限公司,現金申購/贖回,上午9時至中午1時30分,500,最高2.0%,最高2.0%,0227008399,台北市大安區敦化南路二段39號6樓,張錫,吳惠君,張雍川,張永輝,楊子慧,國泰證券投資信託股份有限公司,台灣集中保管結算所股份有限公司,0227195805,台北市復興北路363號11樓,,292200611
2019,00657,國泰日經225,98638076,國泰日經225,國泰日本ETF傘型證券投資信託基金之日經225證券投資信託基金,Cathay Nikkei 225 Currency-hedged ETF Fund,O,跨國投資股票型,JP,日本,國外成分證券指數股票型基金,日經225,,#N225,完全複製法,日本經濟新聞有限公司,,,,42389475,TW0000065705,20160509,20160425,1,1,,是,不配息,,NTD,JPY,5838,華南商業銀行,030,美商道富銀行,1000,每受益權單位為準,臺灣證券交易所開盤日上午9:00~下午1:30,50元以上為0.05元50元以下為0.01元,,上市當日即適用，且融券賣出無平盤以下不得放空限制,0.001,同上市證券，由證券商訂定，但不得超過千分之一點四二五,0.95,0.20,國泰證券投資信託股份有限公司,現金申購/贖回(新臺幣),上午9時至中午12時,500,最高2.0%,最高2.0%,0227008399,台北市大安區敦化南路二段39號6樓,張錫,吳惠君,張雍川,張永輝,游日傑,國泰證券投資信託股份有限公司,台灣集中保管結算所股份有限公司,0227195805,台北市復興北路363號11樓,,292200611
2019,00657K,國泰日經225+U,98638076,國泰日經225+U,國泰日經225證券投資信託基金(加掛美元受益憑證)-國外成份/加掛外幣證券指數股票型基金,Cathay Nikkei 225 Currency-hedged ETF Fund(USD),K,加掛式指數股票型,JP,日本,國外成份/加掛外幣證券指數股票型基金,日經225,,#N225,完全複製法,日本經濟新聞有限公司,,,,42389475,TW00000657K7,20171024,20171024,1,1,00657,是,不配息,,USD,JPY,5838,華南商業銀行,030,美商道富銀行,100,每受益權單位為準,臺灣證券交易所開盤日上午9:00~下午1:30,50元以上為0.05元50元以下為0.01元,,上市當日即適用，且融券賣出無平盤以下不得放空限制,0.001,同上市證券，由證券商訂定，但不得超過千分之一點四二五,0.95,0.20,國泰證券投資信託股份有限公司,現金申購/贖回(新臺幣),上午9時至中午12時,500,最高2.0%,最高2.0%,0227008399,台北市大安區敦化南路二段39號6樓,張錫,吳惠君,張雍川,張永輝,游日傑,國泰證券投資信託股份有限公司,台灣集中保管結算所股份有限公司,0227195805,台北市復興北路363號11樓,,292200611
2019,00658L,國泰日本正2,98638078,國泰日本正2,國泰日本ETF傘型證券投資信託基金之富時日本單日正向2倍證券投資信託基金,Cathay FTSE Japan Daily Leveraged 2X ETF Fund,L,槓桿指數股票型,JP,日本,槓桿/反向指數股票型基金,富時日本單日正向2倍指數,,WIJPN2L.JP,合成複製法,富時指數公司,,,,42389496,TW00000658L3,20160509,20160425,1,2,,是,不配息,,NTD,JPY,5843,兆豐國際商業銀行,030,美商道富銀行,1000,每受益權單位為準,臺灣證券交易所開盤日上午9:00~下午1:30,50元以上為0.05元50元以下為0.01元,,上市當日即適用，且融券賣出無平盤以下不得放空限制,0.001,同上市證券，由證券商訂定，但不得超過千分之一點四二五,0.95,0.21,國泰證券投資信託股份有限公司,現金申購/贖回,上午9時至下午1時30分,500,最高2.0%,最高2.0%,0227008399,台北市大安區敦化南路二段39號6樓,張錫,吳惠君,張雍川,張永輝,游日傑,國泰證券投資信託股份有限公司,台灣集中保管結算所股份有限公司,0227195805,台北市復興北路363號11樓,,292200611
2019,00659R,國泰日本反1,98638077,國泰日本反1,國泰日本ETF傘型證券投資信託基金之富時日本單日反向1倍證券投資信託基金,Cathay FTSE Japan Daily Inversed ETF Fund,R,反向指數股票型,JP,日本,槓桿/反向指數股票型基金,富時日本單日反向1倍指數,,WIJPN1I.JP,合成複製法,富時指數公司,,,,42389480,TW00000659R8,20160509,20160425,1,-1,,是,不配息,,NTD,JPY,5843,兆豐國際商業銀行,030,美商道富銀行,1000,每受益權單位為準,臺灣證券交易所開盤日上午9:00~下午1:30,50元以上為0.05元50元以下為0.01元,,上市當日即適用，且融券賣出無平盤以下不得放空限制,0.001,同上市證券，由證券商訂定，但不得超過千分之一點四二五,0.95,0.18,國泰證券投資信託股份有限公司,現金申購/贖回,上午9時至下午13時30分,500,最高2.0%,最高2.0%,0227008399,台北市大安區敦化南路二段39號6樓,張錫,吳惠君,張雍川,張永輝,游日傑,國泰證券投資信託股份有限公司,台灣集中保管結算所股份有限公司,0227195805,台北市復興北路363號11樓,,292200611
2019,00660,元大歐洲50,98638111,元大歐洲50,元大已開發國家傘型證券投資信託基金之元大歐洲50證券投資信託基金,Yuanta EURO STOXX 50 ETF,O,跨國投資股票型,#EU,歐洲,國外成分證券指數股票型基金,歐洲 STOXX50 指數,EURO STOXX 50 PR in EUR,#STOXX50E,完全複製法,STOXX有限公司(STOXX Limited),,,,42398684,TW0000066000,20160615,20160601,1,1,,是,年配,,NTD,EUR,5841,中國信託商業銀行,030,美商道富銀行,1000,每受益權單位為準,臺灣證券交易所開盤日上午9:00~下午1:30,每受益權單位市價未滿50元者為1分；50元以上為5分,,上市當日即適用，且融券賣出無平盤以下不得放空限制,0.001,同上市證券，由證券商訂定，但不得超過千分之一點四二五,0.50,0.24,元大證券投資信託股份有限公司,現金申購/贖回,上午9時至中午13時30分,500,申購手續費(含參與證券商事務處理費)最高不得超過每受益權單位淨資產價值之1%,買回手續費(含參與證券商事務處理費)最高不得超過每受益權單位淨資產價值之1 %,02-27175555,台北市中山區南京東路三段219號11樓,黃古彬,劉宗聖,劉宗聖,黃昭棠,盧永祥,,臺灣集中保管結算所股份有限公司,(02)27195805,台北市復興北路363號11樓,,292200611
2019,00661,元大日經225,98638110,元大日經225,元大已開發國家傘型證券投資信託基金之元大日經225證券投資信託基金,Yuanta Nikkei 225 ETF,O,跨國投資股票型,JP,日本,國外成分證券指數股票型基金,日經225指數,Nikkei Stock Average,#N225,完全複製法,日本經濟新聞社（Nihon Keizai Shimbun）,,,,42398663,TW0000066109,20160615,20160601,1,1,,是,年配,,NTD,JPY,5838,華南商業銀行,F001,香港花旗銀行,1000,每受益權單位為準,臺灣證券交易所開盤日上午9:00~下午1:30,每受益權單位市價未滿50元者為1分；50元以上為5分,,上市當日即適用，且融券賣出無平盤以下不得放空限制,0.001,同上市證券，由證券商訂定，但不得超過千分之一點四二五,0.50,0.20,元大證券投資信託股份有限公司,現金申購/贖回,上午9時至中午11時,500,申購手續費及參與證券商事務處理費合計最高不得超過本基金每受益權單位淨資產價值之 1%,買回手續費及參與證券商事務處理費合計最高不得超過本基金每受益權單位淨資產價值之 1%,02-27175555,台北市中山區南京東路三段219號11樓,黃古彬,劉宗聖,劉宗聖,黃昭棠,陳重銓,,臺灣集中保管結算所股份有限公司,(02)27195805,台北市復興北路363號11樓,,292200611
2019,00662,富邦NASDAQ,98638112,富邦NASDAQ,富邦NASDAQ-100證券投資信託基金,Fubon NASDAQ-100 ETF,O,跨國投資股票型,US,美國,國外成分證券指數股票型基金,NASDAQ-100 指數,,#NDX,最佳化,NASDAQ交易所,,,,42399305,TW0000066208,20160617,20160603,1,1,,是,不配息,,NTD,USD,5841,中國信託商業銀行,325,香港上海匯豐銀行,1000,每受益權單位為準,臺灣證券交易所開盤日上午9:00~下午1:30,每受益權單位市價未滿50元者為1分；50元以上為5分,,上市當日即適用，且融券賣出無平盤以下不得放空限制,0.001,同上市證券，由證券商訂定，但不得超過千分之一點四二五,0.3,0.21,富邦證券投資信託股份有限公司,現金申購/贖回,上午9時至下午2時,500,不超過2%,不超過2%,(02)8771-6688,台北市敦化南路一段108號8樓,胡德興,胡德興,李明州,李明州,楊貽甯,富邦投信,富邦證券投資信託股份有限公司,(02)8771-6688,台北市敦化南路一段108號8樓,,293657756
2019,00663L,國泰臺灣加權正2,98638132,國泰臺灣加權正2,國泰臺指ETF傘型證券投資信託基金之臺灣加權指數單日正向2倍證券投資信託基金,Cathay TAIEX Daily Leveraged 2X ETF Fund,L,槓桿指數股票型,TW,臺灣,槓桿/反向指數股票型基金,臺灣加權指數單日正向2倍指數,,TWA5D,合成複製法,臺灣證券交易所,,,,42404264,TW00000663L3,20160714,20160701,1,2,,否,不配息,,NTD,NTD,5847,玉山商業銀行,,,1000,每受益權單位為準,臺灣證券交易所開盤日上午9:00~下午1:30,50元以上為0.05元50元以下為0.01元,20,上市當日即適用，且融券賣出無平盤以下不得放空限制,0.001,同上市證券，由證券商訂定，但不得超過千分之一點四二五,0.75,0.04,國泰證券投資信託股份有限公司,現金申購/贖回,上午9時至下午12時,500,最高2.0%,最高2.0%,0227008399,台北市大安區敦化南路二段39號6樓,張錫,吳惠君,張雍川,張永輝,游日傑,國泰證券投資信託股份有限公司,台灣集中保管結算所託股份有限公,0227195805,台北市復興北路363號11樓,,292200611
2019,00664R,國泰臺灣加權反1,98638131,國泰臺灣加權反1,國泰臺指ETF傘型證券投資信託基金之臺灣加權指數單日反向1倍證券投資信託基金,Cathay TAIEX Daily Inversed ETF,R,反向指數股票型,TW,臺灣,槓桿/反向指數股票型基金,臺灣證券交易所發行量加權股價日報酬反向一倍指數,,TWA5E,合成複製法,臺灣證券交易所,,,,42404258,TW00000664R8,20160714,20160701,1,-1,,否,不配息,,NTD,NTD,5847,玉山商業銀行,,,1000,每受益權單位為準,臺灣證券交易所開盤日上午9:00~下午1:30,50元以上為0.05元50元以下為0.01元,10,上市當日即適用，且融券賣出無平盤以下不得放空限制,0.001,同上市證券，由證券商訂定，但不得超過千分之一點四二五,0.75,0.04,國泰證券投資信託股份有限公司,現金申購/贖回,上午9時至下午12時,500,最高2.0%,最高2.0%,0227008399,台北市大安區敦化南路二段39號6樓,張錫,吳惠君,張雍川,張永輝,游日傑,國泰證券投資信託股份有限公司,台灣集中保管結算所股份有限公司,0227195805,台北市復興北路363號11樓,,292857749
2019,00665L,富邦琤肭磪囓2,98638139,富邦琤肭磪囓2,富邦琤肭磪贙TF傘型證券投資信託基金之富邦琤肭磪瓥璊擖縝V兩倍證券投資信託基金,Fubon Hang Seng China Enterprises Leveraged Index ETF,L,槓桿指數股票型,HK,香港,槓桿/反向指數股票型基金,琤肭磪羉b桿指數,,HSCEILI,最佳化,琤肏數公司,,,,42404573,TW00000665L8,20160805,20160721,1,2,,是,不配息,,NTD,HKD,5841,中國信託商業銀行,325,香港上海匯豐銀行,1000,每受益權單位為準,臺灣證券交易所開盤日上午9:00~下午1:30,每受益權單位市價未滿50元者為1分；50元以上為5分,,上市當日即適用，且融券賣出無平盤以下不得放空限制,0.001,同上市證券，由證券商訂定，但不得超過千分之一點四二五,0.85,0.17,富邦證券投資信託股份有限公司,現金申購/贖回,上午9時至中午12時,500,不超過2%,不超過2%,(02)8771-6688,台北市敦化南路一段108號8樓,胡德興,胡德興,李明州,李明州,廖崇文,富邦投信,富邦證券投資信託股份有限公司,(02)8771-6688,台北市敦化南路一段108號8樓,,293957741
2019,00666R,富邦琤肭磪齯1,98638138,富邦琤肭磪齯1,富邦琤肭磪贙TF傘型證券投資信託基金之富邦琤肭磪瓥璊擗浀V一倍證券投資信託基金,Fubon Hang Seng China Enterprises Inverse Index ETF,R,反向指數股票型,HK,香港,槓桿/反向指數股票型基金,琤肭磪礸u倉指數,,#HSCEISI,最佳化,琤肏數公司,,,,42404567,TW00000666R3,20160805,20160721,1,-1,,是,不配息,,NTD,HKD,5841,中國信託商業銀行,325,香港上海匯豐銀行,1000,每受益權單位為準,臺灣證券交易所開盤日上午9:00~下午1:30,每受益權單位市價未滿50元者為1分；50元以上為5分,,上市當日即適用，且融券賣出無平盤以下不得放空限制,0.001,同上市證券，由證券商訂定，但不得超過千分之一點四二五,0.85,0.17,富邦證券投資信託股份有限公司,現金申購/贖回,上午9時至中午12時,500,不超過2%,不超過2%,(02)8771-6688,台北市敦化南路一段108號8樓,胡德興,胡德興,李明州,李明州,簡伯容,富邦投信,富邦證券投資信託股份有限公司,(02)8771-6688,台北市敦化南路一段108號8樓,,293257735
2019,00668,國泰美國道瓊,98638195,國泰美國道瓊,國泰美國ETF傘型證券投資信託基金之道瓊工業平均指數證券投資信託基金,Cathay DJIA ETF,O,跨國投資股票型,US,美國,國外成分證券指數股票型基金,道瓊斯工業平均指數,Dow Jones Industrial Average Index,#DJI,完全複製法,標普道瓊斯指數公司(S&P Dow Jones Indices),,,,42443225,TW0000066802,20161017,20161003,1,1,,是,不配息,,NTD,USD,5848,台新國際商業銀行,028,美商美國紐約梅隆銀行,1000,每受益權單位為準,臺灣證券交易所開盤日上午9:00~下午1:30,50元以上為0.05元50元以下為0.01元,,上市當日即適用，且融券賣出無平盤以下不得放空限制,0.001,同上市證券，由證券商訂定，但不得超過千分之一點四二五,0.45,0.18,國泰證券投資信託股份有限公司,現金申購/贖回(新臺幣),上午9時至中午13時30分,500,最高2.0%,最高2.0%,0227008399,台北市大安區敦化南路二段39號6樓,張錫,吳惠君,張雍川,張永輝,張家璇,國泰證券投資信託股份有限公司,台灣集中保管結算所股份有限公司,0227195805,台北市復興北路363號11樓,,293757751
2019,00668K,國泰美國道瓊+U,98638195,國泰美國道瓊+U,國泰道瓊工業平均指數證券投資信託基金(加掛美元受益憑證)-國外成份/加掛外幣證券指數股票型基金,Cathay Dow Jones Industrial Average ETF(USD),K,加掛式指數股票型,US,美國,國外成份/加掛外幣證券指數股票型基金,道瓊斯工業平均指數,Dow Jones Industrial Average Index,#DJI,完全複製法,標普道瓊斯指數公司(S&P Dow Jones Indices),,,,42443225,TW00000668K4,20171024,20171024,1,1,00668,是,不配息,,USD,USD,5848,台新國際商業銀行,028,美商美國紐約梅隆銀行,100,每受益權單位為準,臺灣證券交易所開盤日上午9:00~下午1:30,50元以上為0.05元50元以下為0.01元,,上市當日即適用，且融券賣出無平盤以下不得放空限制,0.001,同上市證券，由證券商訂定，但不得超過千分之一點四二五,0.45,0.18,國泰證券投資信託股份有限公司,現金申購/贖回(新臺幣),上午9時至中午13時30分,500,最高2.0%,最高2.0%,0227008399,台北市大安區敦化南路二段39號6樓,張錫,吳惠君,張雍川,張永輝,張家璇,國泰證券投資信託股份有限公司,台灣集中保管結算所股份有限公司,0227195805,台北市復興北路363號11樓,,292200611
2019,00669R,國泰美國道瓊反1,98638194,國泰美國道瓊反1,國泰美國ETF傘型證券投資信託基金之道瓊工業平均指數單日反向1倍證券投資信託基金,Cathay DJIA Inv 1X ETF,R,反向指數股票型,US,美國,槓桿/反向指數股票型基金,道瓊斯工業平均單日反向指數,Dow Jones Industrial Average PR Inverse Carry-free Daily Index,#DJPRII,合成複製法,標普道瓊斯指數公司(S&P Dow Jones Indices),,,,42443203,TW00000669R7,20161017,20161003,1,-1,,是,不配息,,NTD,USD,5848,台新國際商業銀行,028,美商美國紐約梅隆銀行,1000,每受益權單位為準,臺灣證券交易所開盤日上午9:00~下午1:30,50元以上為0.05元50元以下為0.01元,,上市當日即適用，且融券賣出無平盤以下不得放空限制,0.001,同上市證券，由證券商訂定，但不得超過千分之一點四二五,0.85,0.18,國泰證券投資信託股份有限公司,現金申購/贖回,上午9時至下午13時30分,500,最高2.0%,最高2.0%,0227008399,台北市大安區敦化南路二段39號6樓,張錫,吳惠君,張雍川,張永輝,游日傑,國泰證券投資信託股份有限公司,台灣集中保管結算所股份有限公司,0227195805,台北市復興北路363號11樓,,293957741
2019,00670L,富邦NASDAQ正2,98638287,富邦NASDAQ正2,富邦NASDAQ-100 ETF 傘型證券投資信託基金之富邦NASDAQ-100單日正向兩倍證券投資信託基金,Fubon NASDAQ-100 2X Leveraged Index ETF,L,槓桿指數股票型,US,美國,槓桿/反向指數股票型基金,NASDAQ-100正向2倍指數,,NDXL.US,最佳化,NASDAQ   Inc,,,,42441710,TW00000670L8,20170221,20170214,1,2,,是,不配息,,NTD,USD,5841,中國信託商業銀行,081,匯豐(台灣)商業銀行,1000,每受益權單位為準,臺灣證券交易所開盤日上午9:00~下午1:30,每受益權單位市價未滿50元者為1分；50元以上為5分,,上市當日即適用，且融券賣出無平盤以下不得放空限制,0.001,同上市證券，由證券商訂定，但不得超過千分之一點四二五,0.89,0.20,富邦證券投資信託股份有限公司,現金申購/贖回,上午9時至下午2時,500,不超過2%,不超過2%,(02)8771-6688,台北市敦化南路一段108號8樓,胡德興,胡德興,李明州,李明州,粘瑞益,富邦投信,富邦證券投資信託股份有限公司,(02)8771-6688,台北市敦化南路一段108號8樓,,293657756
2019,00671R,富邦NASDAQ反1,98638286,富邦NASDAQ反1,富邦NASDAQ-100 ETF傘型證券投資信託基金之富邦NASDAQ-100 單日反向一倍證券投資信託基金,Fubon NASDAQ-100 -1X Inverse Index ETF,R,反向指數股票型,US,美國,槓桿/反向指數股票型基金,NASDAQ-100反向1倍指數,,NDXS1.US,最佳化,NASDAQ   Inc,,,,42441704,TW00000671R3,20170221,20160214,1,-1,,是,不配息,,NTD,USD,5841,中國信託商業銀行,081,匯豐(台灣)商業銀行,1000,每受益權單位為準,臺灣證券交易所開盤日上午9:00~下午1:30,每受益權單位市價未滿50元者為1分；50元以上為5分,,上市當日即適用，且融券賣出無平盤以下不得放空限制,0.001,同上市證券，由證券商訂定，但不得超過千分之一點四二五,0.89,0.18,富邦證券投資信託股份有限公司,現金申購/贖回,上午9時至下午2時,500,不超過2%,不超過2%,(02)8771-6688,台北市敦化南路一段108號8樓,胡德興,胡德興,李明州,李明州,簡伯容,富邦投信,富邦證券投資信託股份有限公司,(02)8771-6688,台北市敦化南路一段108號8樓,,293957741
2019,00672L,元大S&P原油正2,F0030005,元大S&P原油正2,元大標普油金傘型期貨信託基金之元大標普高盛原油ER單日正向2倍指數股票型期貨信託基金,Yuanta S&P GSCI Crude Oil 2x Leveraged ER Futures ETF,L,槓桿指數股票型,#oth,其他,槓桿/反向指數股票型基金,標普高盛原油日報酬正向兩倍ER指數,S&P GSCI Crude Oil 2x Leveraged Index ER,SPO2L.US,完全複製法,標普道瓊斯指數公司(S&P Dow Jones Indices),,,,42451147,TW00000672L4,20161007,20160930,1,2,,是,不配息,,NTD,USD,5849,兆豐國際商業銀行信託部,,,1000,每受益權單位為準,臺灣證券交易所開盤日上午9:00~下午1:30,每受益權單位市價未滿50元者為1分；50元以上為5分,,上市當日即適用，且融券賣出無平盤以下不得放空限制,0.001,同上市證券，由證券商訂定，但不得超過千分之一點四二五,1.00,0.15,元大證券投資信託股份有限公司,現金申購/贖回,上午9時至中午13時30分,500,1.00,1.00,02-27175555,台北市中山區南京東路三段219號11樓,黃古彬,劉宗聖,劉宗聖,黃昭棠,曾士育,,臺灣集中保管結算所股份有限公司,02-27195805,台北市復興北路363號11樓,,293964949
2019,00673R,元大S&P原油反1,F0030006,元大S&P原油反1,元大標普油金傘型期貨信託基金之元大標普高盛原油ER單日反向1倍指數股票型期貨信託基金,Yuanta S&P GSCI Crude Oil 1x Inverse ER Futures ETF,R,反向指數股票型,#oth,其他,槓桿/反向指數股票型基金,標普高盛原油日報酬反向一倍ER指數,S&P GSCI Crude Oil 1x Inverse Index ER,SPO1I.US,完全複製法,標普道瓊斯指數公司(S&P Dow Jones Indices),,,,42451152,TW00000673R9,20161007,20160930,1,-1,,是,不配息,,NTD,USD,5843,兆豐國際商業銀行信託部,,,1000,每受益權單位為準,臺灣證券交易所開盤日上午9:00~下午1:30,每受益權單位市價未滿50元者為1分；50元以上為5分,,上市當日即適用，且融券賣出無平盤以下不得放空限制,0.001,同上市證券，由證券商訂定，但不得超過千分之一點四二五,1.00,0.15,元大證券投資信託股份有限公司,現金申購/贖回,上午9時至中午13時30分,500,1.00,1.00,02-27175555,台北市中山區南京東路三段219號11樓,黃古彬,劉宗聖,劉宗聖,黃昭棠,曾士育,,臺灣集中保管結算所股份有限公司,02-27195805,台北市復興北路363號11樓,,292864963
2019,00674R,元大S&P黃金反1,F0030007,元大S&P黃金反1,元大標普油金傘型期貨信託基金之元大標普高盛黃金ER單日反向1倍指數股票型期貨信託基金,Yuanta S&P GSCI Gold 1x Inverse ER FuturesETF,R,反向指數股票型,#oth,其他,槓桿/反向指數股票型基金,標普高盛黃金日報酬反向一倍ER指數,S&P GSCI Gold 1x Inverse Index ER,SPG1I.US,完全複製法,標普道瓊斯指數公司(S&P Dow Jones Indices),,,,42451168,TW00000674R7,20161007,20160930,1,-1,,是,不配息,,NTD,USD,5858,臺灣銀行,,,1000,每受益權單位為準,臺灣證券交易所開盤日上午9:00~下午1:30,每受益權單位市價未滿50元者為1分；50元以上為5分,,上市當日即適用，且融券賣出無平盤以下不得放空限制,0.001,同上市證券，由證券商訂定，但不得超過千分之一點四二五,1.00,0.15,元大證券投資信託股份有限公司,現金申購/贖回,上午9時至中午13時30分,500,1.00,1.00,02-27175555,台北市中山區南京東路三段219號11樓,黃古彬,劉宗聖,劉宗聖,黃昭棠,潘昶安,,臺灣集中保管結算所股份有限公司,02-27195805,台北市復興北路363號11樓,,293264952
2019,00675L,富邦臺灣加權正2,98638189,富邦臺灣加權正2,富邦臺灣加權ETF傘型證券投資信託基金之富邦臺灣加權單日正向兩倍證券投資信託基金,Fubon TAIEX Daily 2X Leveraged ETF,L,槓桿指數股票型,TW,臺灣,槓桿/反向指數股票型基金,臺灣證券交易所發行量加權股價日報酬正向兩倍指數,,TWA5D,最佳化,臺灣證券交易所,,,,42450837,TW00000675L7,20161005,20160923,1,2,,否,不配息,,NTD,NTD,5838,華南商業銀行,,,1000,每受益權單位為準,臺灣證券交易所開盤日上午9:00~下午1:30,每受益權單位市價未滿50元者為1分；50元以上為5分,20,上市當日即適用，且融券賣出無平盤以下不得放空限制,0.001,同上市證券，由證券商訂定，但不得超過千分之一點四二五,0.65,0.04,富邦證券投資信託股份有限公司,現金申購/贖回,上午9時至中午12時,500,不超過2%,不超過2%,(02)8771-6688,台北市敦化南路一段108號8樓,胡德興,胡德興,李明州,李明州,粘瑞益,富邦投信,富邦證券投資信託股份有限公司,(02)8771-6688,台北市敦化南路一段108號8樓,,293157775
2019,00676R,富邦臺灣加權反1,98638190,富邦臺灣加權反1,富邦臺灣加權ETF傘型證券投資信託基金之富邦臺灣加權單日反向一倍證券投資信託基金,Fubon TAIEX Daily-1X Inverse ETF,R,反向指數股票型,TW,臺灣,槓桿/反向指數股票型基金,臺灣證券交易所發行量加權股價日報酬反向一倍指數,,TWA5E,最佳化,臺灣證券交易所,,,,42450843,TW00000676R2,20161005,20160923,1,-1,,否,不配息,,NTD,NTD,5838,華南商業銀行,,,1000,每受益權單位為準,臺灣證券交易所開盤日上午9:00~下午1:30,每受益權單位市價未滿50元者為1分；50元以上為5分,10,上市當日即適用，且融券賣出無平盤以下不得放空限制,0.001,同上市證券，由證券商訂定，但不得超過千分之一點四二五,0.65,0.04,富邦證券投資信託股份有限公司,現金申購/贖回,上午9時至中午12時,500,不超過2%,不超過2%,(02)8771-6688,台北市敦化南路一段108號8樓,胡德興,胡德興,李明州,李明州,粘瑞益,富邦投信,富邦證券投資信託股份有限公司,(02)8771-6688,台北市敦化南路一段108號8樓,,292857749
2019,00677U,富邦VIX,F0120001,富邦VIX,富邦標普500波動率短期期貨ER指數股票型期貨信託基金,Fubon S&P 500 VIX Short-Term Futures ETF,U,期信指數股票型,US,美國,指數股票型期貨信託基金,標普500波動率短期期貨ER指數,,SPVXSP.US,完全複製法,標普道瓊斯指數公司(S&P Dow Jones Indices LLC),,,,42460390,TW00000677U4,20161230,20161222,1,1,,是,不配息,,NTD,USD,5841,中國信託商業銀行股份有限公司,325,香港上海匯豐銀行有限公司,1000,每受益權單位為準,臺灣證券交易所開盤日上午9:00~下午1:30,每受益權單位市價未滿50元者為1分；50元以上為5分,,上市當日即適用，且融券賣出無平盤以下不得放空限制,0.001,同上市證券，由證券商訂定，但不得超過千分之一點四二五,0.99,0.15,富邦證券投資信託股份有限公司,現金申購/贖回,上午9時至下午2時,500,2.00,2.00,(02)8771-6688,台北市敦化南路一段108號8樓,胡德興,胡德興,李明州,李明州,楊邦珩,富邦投信,富邦證券投資信託股份有限公司,(02)8771-6688,台北市敦化南路一段108號8樓,,293957741
2019,00678,群益NBI生技,98638267,群益NBI生技,群益那斯達克生技證券投資信託基金,CAPITAL NASDAQ BIOTECHNOLOGY INDEX EXCHANGE,O,跨國投資股票型,US,美國,國外成分證券指數股票型基金,那斯達克生技指數,NBI,#NBI,最佳化複製法,NASDAQ,,,,42465424,TW0000067800,20170116,20170109,1,1,,是,不配息,,NTD,USD,5847,玉山商業銀行,325,香港上海匯豐銀行,1000,每受益權單位為準,臺灣證券交易所開盤日上午9:00~下午1:30,每受益權單位市價未滿50元者為0.01元；50元以上為0.05元,,上市當日即適用，且融券賣出無平盤以下不得放空限制,0.001,同上市證券，由證券商訂定，但不得超過千分之一點四二五,0.85,0.12,群益證券投資信託股份有限公司,現金申購/贖回(新臺幣),上午9時至中午13時30分,500,2%,2%,(02)27067688,台北市大安區敦化南路二段69號15樓,賴政昇,林慧玟,陳明輝,無,張菁惠,無,群益證券投資信託股份有限公司,(02)27067688,台北市大安區敦化南路二段69號15樓,,292200611
2019,00679B,元大美債20年,98638258,元大美債20年,元大美國政府20年期(以上)債券ETF傘型證券投資信託基金之元大美國政府20年期(以上)債券證券投資信託基金,Yuanta U.S. Treasury 20+ Year Bond ETF,B,債券指數股票型,US,美國,債券ETF,ICE美國政府20+年期債券指數,ICE U.S. Treasury 20+ Year Bond Index,IDCOT20,最佳化,Interactive Data Pricing and Reference Data   LLC,,,,42461573,TW00000679B0,20170117,20170111,2,1,,是,季配,,NTD,USD,5838,華南商業銀行,030,美商道富銀行,1000,每受益權單位為準,同上櫃證券,每受益權單位市價未滿50元者為1分；50元以上為5分,,上櫃當日即適用，且無平盤以下不得融券及借券賣出之限制,,萬分之一,30億(含)以下：0.50%30億(不含)以上，200億(含)以下：0.20%200億(不含)以上，300億(含)以下：0.14%300億(不含)以上：0.13%,30億(含)以下：0.17%30億(不含)以上，200億(含)以下：0.10%200億(不含)以上：0.06%,元大證券投資信託股份有限公司,現金申購/贖回,上午9時至中午13時30分,500,最高不得超過每受益權單位淨資產價值之1%，本基金申購手續費依最新公開說明書規定。,最高不得超過每受益權單位淨資產價值之1%，並得由經理公司在此範圍內公告後調整。買回手續費依最新公開說明書之規定。,02-27175555,台北市中山區南京東路三段219號11樓,黃古彬,劉宗聖,劉宗聖,黃昭棠,張勝原,,臺灣集中保管結算所股份有限公司,(02)27195805,台北市復興北路363號11樓,,293864832
2019,00680L,元大美債20正2,98638260,元大美債20正2,元大美國政府20年期(以上)債券ETF傘型證券投資信託基金之元大美國政府20年期(以上)債券單日正向2倍證券投資信託基金,Yuanta Daily U.S. Treasury 20+ Year Bond Bull 2X ETF,L,槓桿指數股票型,US,美國,槓桿/反向指數股票型基金,ICE美國政府20+年期債券2倍槓桿指數,ICE U.S. Treasury 20+ Year Bond 2X Leveraged Index,ICET20X2,合成複製法,Interactive Data Corporation,,,,42461567,TW00000680L7,20170117,20170111,1,2,,是,不配息,,NTD,USD,5838,華南商業銀行,030,美商道富銀行,1000,每受益權單位為準,臺灣證券交易所開盤日上午9:00~下午1:30,每受益權單位市價未滿50元者為1分；50元以上為5分,,上市當日即適用，且融券賣出無平盤以下不得放空限制,0.001,同上市證券，由證券商訂定，但不得超過千分之一點四二五,0.75,0.21,元大證券投資信託股份有限公司,現金申購/贖回,上午9時至中午13時30分,500,最高不得超過本基金每受益權單位淨資產價值之1%，本基金申購手續費依最新公開說明書規定。,最高不得超過本基金每受益權單位淨資產價值之1%，並得由經理公司在此範圍內公告後調整。買回手續費依最新公開說明書之規定。,02-27175555,台北市中山區南京東路三段219號11樓,黃古彬,劉宗聖,劉宗聖,黃昭棠,張勝原,,臺灣集中保管結算所股份有限公司,(02)27195805,台北市復興北路363號11樓,,292200611
2019,00681R,元大美債20反1,98638259,元大美債20反1,元大美國政府20年期(以上)債券ETF傘型證券投資信託基金之元大美國政府20年期(以上)債券單日反向1倍證券投資信託基金,Yuanta Daily U.S. Treasury 20+ Year Bond Bear 1X ETF,R,反向指數股票型,US,美國,槓桿/反向指數股票型基金,ICE美國政府20+年期債券1倍反向指數,ICE U.S. Treasury 20+ Year Bond 1X Inverse Index,ICET20IN,合成複製法,Interactive Data Corporation,,,,42461588,TW00000681R2,20170117,20170111,1,-1,,是,不配息,,NTD,USD,5838,華南商業銀行,,,1000,每受益權單位為準,臺灣證券交易所開盤日上午9:00~下午1:30,每受益權單位市價未滿50元者為1分；50元以上為5分,,上市當日即適用，且融券賣出無平盤以下不得放空限制,0.001,同上市證券，由證券商訂定，但不得超過千分之一點四二五,0.75,0.16,元大證券投資信託股份有限公司,現金申購/贖回,上午9時至中午13時30分,500,最高不得超過本基金每受益權單位淨資產價值之1%，本基金申購手續費依最新公開說明書規定。,最高不得超過本基金每受益權單位淨資產價值之1%，並得由經理公司在此範圍內公告後調整。買回手續費依最新公開說明書之規定。,02-27175555,台北市中山區南京東路三段219號11樓,黃古彬,劉宗聖,劉宗聖,黃昭棠,張勝原,,臺灣集中保管結算所股份有限公司,(02)27195805,台北市復興北路363號11樓,,292200611
2019,00682U,元大美元指數,F0030008,元大美元指數,元大標普美元指數傘型期貨信託基金之元大標普美元ER指數股票型期貨信託基金,Yuanta S&P US Dollar ER Futures ETF,U,期信指數股票型,US,美國,指數股票型期貨信託基金,標普美元ER指數,S&P US Dollar Futures Index ER,SPUSD.US,完全複製法,標普道瓊斯指數公司(S&P Dow Jones Indices),,,,42469717,TW00000682U4,20170314,20170306,1,1,,是,不配息,,NTD,USD,5841,中國信託商業銀行股份有限公司,,,1000,每受益權單位為準,臺灣證券交易所開盤日上午9:00~下午1:30,每受益權單位市價未滿50元者為1分；50元以上為5分,,上市當日即適用，且融券賣出無平盤以下不得放空限制,0.001,同上市證券，由證券商訂定，但不得超過千分之一點四二五,0.5,0.15,元大證券投資信託股份有限公司,現金申購/贖回,上午9時至中午13時30分,500,1.00,1.00,02-27175555,臺北市中山區南京東路三段219號11樓,黃古彬,劉宗聖,劉宗聖,黃昭棠,譚士屏,,臺灣集中保管結算所股份有限公司,02-27195805,臺北市復興北路363號11樓,,293964949
2019,00683L,元大美元指數正2,F0030009,元大美元指數正2,元大標普美元指數傘型期貨信託基金之元大標普美元ER單日正向2倍指數股票型期貨信託基金,Yuanta S&P US Dollar 2x Leverage ER Futures ETF,L,槓桿指數股票型,US,美國,槓桿/反向指數股票型基金,標普美元日報酬正向兩倍ER指數,S&P US Dollar Futures 2x Leverage Daily Index ER,SPUSD2L.US,完全複製法,標普道瓊斯指數公司(S&P Dow Jones Indices),,,,42469738,TW00000683L1,20170314,20170306,1,2,,是,不配息,,NTD,USD,5841,中國信託商業銀行股份有限公司,,,1000,每受益權單位為準,臺灣證券交易所開盤日上午9:00~下午1:30,每受益權單位市價未滿50元者為1分；50元以上為5分,,上市當日即適用，且融券賣出無平盤以下不得放空限制,0.001,同上市證券，由證券商訂定，但不得超過千分之一點四二五,0.8,0.15,元大證券投資信託股份有限公司,現金申購/贖回,上午9時至中午13時30分,500,1.00,1.00,02-27175555,臺北市中山區南京東路三段219號11樓,黃古彬,劉宗聖,劉宗聖,黃昭棠,黃議玄,,臺灣集中保管結算所股份有限公司,02-27195805,臺北市復興北路363號11樓,,293565065
2019,00684R,元大美元指數反1,F0030010,元大美元指數反1,元大標普美元指數傘型期貨信託基金之元大標普美元ER單日反向1倍指數股票型期貨信託基金,Yuanta S&P US Dollar 1x Inverse ER Futures ETF,R,反向指數股票型,US,美國,槓桿/反向指數股票型基金,標普美元日報酬反向一倍ER指數,S&P US Dollar Futures 1x Inverse Daily Index ER,SPUSD1I.US,完全複製法,標普道瓊斯指數公司(S&P Dow Jones Indices),,,,42469723,TW00000684R6,20170314,20170306,1,-1,,是,不配息,,NTD,USD,5841,中國信託商業銀行股份有限公司,,,1000,每受益權單位為準,臺灣證券交易所開盤日上午9:00~下午1:30,每受益權單位市價未滿50元者為1分；50元以上為5分,,上市當日即適用，且融券賣出無平盤以下不得放空限制,0.001,同上市證券，由證券商訂定，但不得超過千分之一點四二五,0.8,0.15,元大證券投資信託股份有限公司,現金申購/贖回,上午9時至中午13時30分,500,1.00,1.00,02-27175555,臺北市中山區南京東路三段219號11樓,黃古彬,劉宗聖,劉宗聖,黃昭棠,譚士屏,,臺灣集中保管結算所股份有限公司,02-27195805,臺北市復興北路363號11樓,,292200611
2019,00685L,群益臺灣加權正2,98638328,群益臺灣加權正2,群益臺灣加權指數ETF傘型證券投資信託基金之群益臺灣加權指數單日正向2倍證券投資信託基金,CAPITAL TAIEX DAILY LEVERAGED 2X ETF,L,槓桿指數股票型,TW,臺灣,槓桿/反向指數股票型基金,臺灣證券交易所發行量加權股價日報酬正向兩倍指數,,TWA5D,合成複製法,臺灣證券交易所,,,,42481276,TW00000685L6,20170330,20170323,1,2,,否,不配息,,NTD,NTD,5847,玉山商業銀行,,,1000,每受益權單位為準,臺灣證券交易所開盤日上午9:00~下午1:30,每受益權單位市價未滿50元者為1分；50元以上為5分,20,上市當日即適用，且融券賣出無平盤以下不得放空限制,0.001,同上市證券，由證券商訂定，但不得超過千分之一．四二五,0.3,0.04,群益證券投資信託股份有限公司,現金申購/贖回,上午9時至中午13時30分,500,0-2%,0-2%,(02)27067688,台北市大安區敦化南路二段69號15樓,賴政昇,林慧玟,陳明輝,無,張菁惠,無,群益證券投資信託股份有限公司,(02)27067688,台北市大安區敦化南路二段69號15樓,,292200611
2019,00686R,群益臺灣加權反1,98638327,群益臺灣加權反1,群益臺灣加權指數ETF傘型證券投資信託基金之群益臺灣加權指數單日反向1倍證券投資信託基金,CAPITAL TAIEX DAILY INVERSED -1X ETF,R,反向指數股票型,TW,臺灣,槓桿/反向指數股票型基金,臺灣證券交易所發行量加權股價日報酬反向一倍指數,,TWA5E,合成複製法,臺灣證券交易所,,,,42481260,TW00000686R1,20170330,20170323,1,-1,,否,不配息,,NTD,NTD,5847,玉山商業銀行,,,1000,每受益權單位為準,臺灣證券交易所開盤日上午9:00~下午1:30,每受益權單位市價未滿50元者為0.01元；50元以上為0.05元,10,上市當日即適用，且融券賣出無平盤以下不得放空限制,0.001,同上市證券，由證券商訂定，但不得超過千分之一．四二五,0.3,0.04,群益證券投資信託股份有限公司,現金申購/贖回,上午9時至中午13時30分,500,0-2%,0-2%,(02)27067688,台北市大安區敦化南路二段69號15樓,賴政昇,林慧玟,陳明輝,無,張菁惠,無,群益證券投資信託股份有限公司,(02)27067688,台北市大安區敦化南路二段69號15樓,,292200611
2019,00687B,國泰20年美債,98638340,國泰20年美債,國泰彭博巴克萊20年期(以上)美國公債指數證券投資信託基金,Cathay US Treasury 20+ YR ETF,B,債券指數股票型,US,美國,債券ETF,彭博巴克萊20年期(以上)美國公債指數,Bloomberg Barclays U.S. Treasury 20+ Year Index,BBUST.US,最佳化法,彭博指數服務公司 (Bloomberg Index Services Limited),,,,42482726,TW00000687B3,20170413,20170406,2,1,,是,季配,,NTD,USD,5847,玉山商業銀行,030,美商道富銀行,1000,每受益權單位為準,同上櫃證券,50元以上為0.05元50元以下為0.01元,,上櫃當日即適用，且無平盤以下不得融券及借券賣出之限制,,最高千分之一點四二五,0.20,30億以下：0.17%30億以上：0.10%,國泰證券投資信託股份有限公司,現金申購/贖回,上午9時至中午13時30分,500,最高1.0%,最高1.0%,0227008399,台北市大安區敦化南路二段39號6樓,張錫,吳惠君,張雍川,張永輝,游日傑,國泰證券投資信託股份有限公司,台灣集中保管結算所股份有限公司,(02)27195805,台北市復興北路363號11樓,,293957739
2019,00688L,國泰20年美債正2,98638342,國泰20年美債正2,國泰美國債券ETF傘型證券投資信託基金之彭博巴克萊20年期(以上)美國公債指數單日正向2倍證券投資信託基金,Cathay US Treasury 20+ YR Lev 2X ETF,L,槓桿指數股票型,US,美國,槓桿/反向指數股票型基金,彭博巴克萊20年期(以上)美國公債單日正向2倍指數,Bloomberg Barclays U.S. Treasury 20+ Year Leveraged 2X Index,BBUST2L.US,合成複製法,彭博指數服務公司 (Bloomberg Index Services Limited),,,,42482747,TW00000688L0,20170413,20170406,1,2,,是,不配息,,NTD,USD,5847,玉山商業銀行,030,美商道富銀行,1000,每受益權單位為準,臺灣證券交易所開盤日上午9:00~下午1:30,50元以上為0.05元50元以下為0.01元,,上市當日即適用，且融券賣出無平盤以下不得放空限制,0.001,同上市證券，由證券商訂定，但不得超過千分之一點四二五,0.65,0.21,國泰證券投資信託股份有限公司,現金申購/贖回,上午9時至下午13時30分,500,最高1.0%,最高1.0%,0227008399,台北市大安區敦化南路二段39號6樓,張錫,吳惠君,張雍川,張永輝,游日傑,國泰證券投資信託股份有限公司,台灣集中保管結算所股份有限公司,0227195805,台北市復興北路363號11樓,,292200611
2019,00689R,國泰20年美債反1,98638341,國泰20年美債反1,國泰美國債券ETF傘型證券投資信託基金之彭博巴克萊20年期(以上)美國公債指數單日反向1倍證券投資信託基金,Cathay US Treasury 20+ YR Inv 1X ETF,R,反向指數股票型,US,美國,槓桿/反向指數股票型基金,彭博巴克萊20年期(以上)美國公債單日反向1倍指數,Bloomberg Barclays U.S. Treasury 20+ Year Inverse 1X Index,BBUST1I.US,合成複製法,彭博指數服務公司 (Bloomberg Index Services Limited),,,,42482731,TW00000689R5,20170413,20170406,1,-1,,是,不配息,,NTD,USD,5847,玉山商業銀行,030,美商道富銀行,1000,每受益權單位為準,臺灣證券交易所開盤日上午9:00~下午1:30,50元以上為0.05元50元以下為0.01元,,上市當日即適用，且融券賣出無平盤以下不得放空限制,0.001,同上市證券，由證券商訂定，但不得超過千分之一點四二五,0.65,0.16,國泰證券投資信託股份有限公司,現金申購/贖回,上午9時至下午13時30分,500,最高1.0%,最高1.0%,0227008399,台北市大安區敦化南路二段39號6樓,張錫,吳惠君,張雍川,張永輝,游日傑,國泰證券投資信託股份有限公司,台灣集中保管結算所股份有限公司,0227195805,台北市復興北路363號11樓,,293157775
2019,00690,兆豐藍籌30,98638331,兆豐藍籌30,兆豐國際臺灣藍籌30ETF傘型證券投資信託基金之兆豐國際臺灣藍籌30 ETF證券投資信託基金,Mega Taiwan Blue Chip 30 ETF,A,國內指數股票型,TW,臺灣,國內成分證券指數股票型基金,藍籌30指數,TIP TAIEX+ Blue Chip 30 Index,TWA5K,完全複製法,臺灣指數公司,,,,42482107,TW0000069004,20170331,20170327,1,1,,否,年配,,NTD,NTD,2812,台中商業銀行,,,1000,每受益權單位為準,臺灣證券交易所開盤日上午9:00~下午1:30,每受益權單位市價未滿50元者為1分；50元以上為5分,10,上市當日即適用，且融券賣出無平盤以下不得放空限制,0.001,同上市證券，由證券商訂定，但不得超過千分之一．四二五,0.32,0.035,兆豐國際證券投資信託股份有限公司,現金申購/贖回,上午9時至12時,500,最高不得超過每受益權單位淨資產價值之2.00%。,最高不得超過每受益權單位淨資產價值2.00%。,(02)2381-5188,台北市中正區衡陽路91號8樓,程聰仁,陳駿賢,陳駿賢,陳佩君,周彥名,無,兆豐國際證券投資信託股份有限公,(02)2381-5188,台北市中正區衡陽路91號8樓,,293757751
2019,00691R,兆豐藍籌30反一,98638332,兆豐藍籌30反一,兆豐國際臺灣藍籌30ETF傘型證券投資信託基金之兆豐國際臺灣藍籌30單日反向一倍ETF證券投資信託基金,Mega Taiwan Blue Chip 30 Daily Inverse ETF,R,反向指數股票型,TW,臺灣,槓桿/反向指數股票型基金,藍籌30反向一倍指數,TIP TAIEX+  Blue Chip 30 Index Daily Return Inverse -1X Index,TWA5P,合成複製法,臺灣指數公司,,,,42482113,TW00000691R1,20170331,20170327,1,-1,,否,不配息,,NTD,NTD,2812,台中商業銀行,,,1000,每受益權單位為準,臺灣證券交易所開盤日上午9:00~下午1:30,未滿50元者為1分；50元以上為5分,10,上市當日即適用，且融券賣出無平盤以下不得放空限制,0.001,同上市證券，由證券商訂定，但不得超過千分之一．四二五,0.65,0.04,兆豐國際證券投資信託股份有限公司,現金申購/贖回,上午9時至中午12時,500,最高不得超過每受益權單位淨資產價值之1.00%。,最高不得超過每受益權單位淨資產價值1.00%。,(02)2381-5188,台北市中正區衡陽路91號8樓,程聰仁,陳駿賢,陳駿賢,陳佩君,周彥名,無,兆豐國際證券投資信託股份有限公,(02)2381-5188,台北市中正區衡陽路91號8樓,,292200611
2019,00692,富邦公司治理,98638359,富邦公司治理,富邦臺灣公司治理100證券投資信託基金,Fubon TWSE Corporate Governance 100 ETF,A,國內指數股票型,TW,臺灣,國內成分證券指數股票型基金,臺灣證券交易所公司治理100指數,,TWA5C,完全複製法,臺灣證券交易所,,,,42482423,TW0000069202,20170517,20170504,1,1,,否,半年配,,NTD,NTD,5838,華南商業銀行,,,1000,每受益權單位為準,同一般股票(上午9時至下午1時30分),每受益權單位市價未滿50元者為1分；50元以上為5分,10,上市當日即適用，且融券賣出無平盤以下不得放空限制,0.001,同上市證券，由證券商訂定，但不得超過千分之一點四二五,0.15,0.035,富邦證券投資信託股份有限公司,現金申購/贖回,上午9時至11時30分,500,最高不得超過2%,最高不得超過2%,(02)8771-6688,台北市敦化南路一段108號8樓,胡德興,胡德興,李明州,李明州,溫芳儀,富邦證券投資信託股份有限公司,富邦證券投資信託股份有限公司,(02)8771-6688,台北市敦化南路一段108號8樓,,293057745
2019,00693U,華頓S&P黃豆,F0130001,華頓S&P黃豆,華頓標普高盛黃豆ER指數股票型期貨信託基金,Paradigm S and P GSCI Soybeans ER Futures ETF,U,期信指數股票型,#oth,其他,指數股票型期貨信託基金,標普高盛黃豆ER指數,S&P GSCI Soybeans ER Index,SPGSSOP.US,完全複製法,標普道瓊斯指數公司(S&P Dow Jones Indices),,,,42484858,TW00000693U1,20170425,20170417,1,1,,是,不配息,,NTD,USD,2801,彰化商業銀行信託處,,,1000,每受益權單位為準,臺灣證券交易所開盤日上午9:00~下午1:30,每受益權單位市價未滿50元者為1分；50元以上為5分,,上市當日即適用，且融券賣出無平盤以下不得放空限制,0.001,同上市證券，由證券商訂定，但不得超過千分之一點四二五,1,0.15,國票華頓證券投資信託股份有限公司,現金申購/贖回,上午9時至中午13時30分,500,1.00,1.00,2175-6969,台北市民權東路3段6號5樓,高武忠,彭斌珺,彭斌珺,陳盈如,江明鴻,,臺灣集中保管結算所股份有限公司,(02)2719-5805,臺北市復興北路363號11樓,,293757751
2019,00694B,富邦美債1-3年,98638374,富邦美債1-3年,富邦美國政府債券ETF傘型證券投資信託基金之富邦美國政府債券1-3年期證券投資信託基金,Fubon 1-3 Years US Treasury Bond ETF,B,債券指數股票型,US,美國,債券ETF,富時美國政府債券1-3年期指數,FTSE US Treasury 1-3 Years Index,CIT1.US,最佳化,FTSE FIXED INCOME LLC,,,,42519239,TW00000694B9,20170608,20170531,2,1,,是,季配,,NTD,USD,5849,永豐商業銀行,021,花旗(台灣)商業銀行,1000,每受益權單位為準,同上櫃證券,每受益權單位市價未滿50元者為1分；50元以上為5分,,上櫃當日即適用，且無平盤以下不得融券及借券賣出之限制,,同上櫃證券,30億元(含)以下：0.12%30億元~50億元(含)：0.0850億元以上0.07%,30億元(含)以下：0.10%30億元~50億元(含)：0.07%50億元以上0.06%,富邦證券投資信託股份有限公司,現金申購/贖回,上午9時至14時00分,500,不超過1%,不超過1%,(02)8771-6688,台北市敦化南路一段108號8樓,胡德興,胡德興,李明州,李明州,粘瑞益,富邦投信,富邦證券投資信託股份有限公司,(02)8771-6688,台北市敦化南路一段108號8樓,,293257699
2019,00695B,富邦美債7-10年,98638375,富邦美債7-10年,富邦美國政府債券ETF傘型證券投資信託基金之富邦美國政府債券7-10年期證券投資信託基金,Fubon 7-10 Years US Treasury Bond ETF,B,債券指數股票型,US,美國,債券ETF,富時美國政府債券7-10年期指數,FTSE US Treasury 7-10 Years Index,CIT7.US,最佳化,FTSE FIXED INCOME LLC,,,,42519245,TW00000695B6,20170608,20170531,2,1,,是,季配,,NTD,USD,5849,永豐商業銀行,021,花旗(台灣)商業銀行,1000,每受益權單位為準,同上櫃證券,每受益權單位市價未滿50元者為1分；50元以上為5分,,上櫃當日即適用，且無平盤以下不得融券及借券賣出之限制,,同上櫃證券,0.20,30億以下：0.17%30億以上：0.10%,富邦證券投資信託股份有限公司,現金申購/贖回,上午9時至14時00分,500,不超過1%,不超過1%,(02)8771-6688,台北市敦化南路一段108號8樓,胡德興,胡德興,李明州,李明州,粘瑞益,富邦投信,富邦證券投資信託股份有限公司,(02)8771-6688,台北市敦化南路一段108號8樓,,292957704
2019,00696B,富邦美債20年,98638376,富邦美債20年,富邦美國政府債券ETF傘型證券投資信託基金之富邦美國政府債券20年期以上證券投資信託基金,Fubon 20+ Years US Treasury Bond ETF,B,債券指數股票型,US,美國,債券ETF,富時美國政府債券20年期以上指數,FTSE US Treasury 20+ Years Index,CIT20.US,最佳化,FTSE FIXED INCOME LLC,,,,42519250,TW00000696B4,20170608,20170531,2,1,,是,季配,,NTD,USD,5841,中國信託商業銀行,021,花旗(台灣)商業銀行,1000,每受益權單位為準,同上櫃證券,每受益權單位市價未滿50元者為1分；50元以上為5分,,上櫃當日即適用，且無平盤以下不得融券及借券賣出之限制,,同上櫃證券,30億元(含)以下：0.20%30億元~200億元(含)：0.12%200億元以上：0.10%,30億元(含)以下：0.10%30億元~200億元(含)：0.07%200億元以上：0.06%,富邦證券投資信託股份有限公司,現金申購/贖回,上午9時至14時00分,500,不超過1%,不超過1%,(02)8771-6688,台北市敦化南路一段108號8樓,胡德興,胡德興,李明州,李明州,簡鈺蔓,富邦投信,富邦證券投資信託股份有限公司,(02)8771-6688,台北市敦化南路一段108號8樓,,293857759
2019,00697B,元大美債7-10,98638371,元大美債7-10,元大美國政府7至10年期債券ETF傘型證券投資信託基金之元大美國政府7至10年期債券證券投資信託基金,Yuanta U.S. Treasury 7-10 Year Bond ETF,B,債券指數股票型,US,美國,債券ETF,ICE美國政府7-10年期債券指數,ICE U.S. Treasury 7-10 Year Bond Index,IDCOT7,最佳化,Interactive Data Pricing and Reference Data   LLC,,,,42469744,TW00000697B2,20170623,20170615,2,1,,是,年配,,NTD,USD,5844,第一商業銀行,030,美商道富銀行,1000,每受益權單位為準,同上櫃證券,每受益權單位市價未滿50元者為1分；50元以上為5分,,上櫃當日即適用，且無平盤以下不得融券及借券賣出之限制,,同上櫃證券,0.20,30億以下：0.17%30億以上：0.10%,元大證券投資信託股份有限公司,現金申購/贖回,上午9時至中午13時30分,500,最高不得超過每受益權單位淨資產價值之1%，本基金申購手續費依最新公開說明書規定。,最高不得超過每受益權單位淨資產價值之1%，並得由經理公司在此範圍內公告後調整。買回手續費依最新公開說明書之規定。,(02)27175555,台北市中山區南京東路三段219號11樓,黃古彬,劉宗聖,劉宗聖,黃昭棠,張勝原,,臺灣集中保管結算所股份有限公司,(02)27195805,台北市復興北路363號11樓,,294057772
2019,00700,富邦恆生國企,98638434,富邦恆生國企,富邦琤肭磪贙TF證券投資信託基金,Fubon Hang Seng China Enterprises ETF,O,跨國投資股票型,HK,香港,國外成分證券指數股票型基金,琤秅什磪禶~指數,Hang Seng China Enterprises Index,HSCE.HK,完全複製法,恆生指數有限公司(Hang Seng Indexes),,,,42464918,TW0000070002,20170728,20170721,1,1,,是,不配息,,NTD,HKD,5841,中國信託商業銀行,081,匯豐(台灣)商業銀行,1000,每受益權單位為準,臺灣證券交易所開盤日上午9:00~下午1:30,每受益權單位市價未滿50元者為0.01元；50元以上為0.05元,,上市當日即適用，且融券賣出無平盤以下不得放空限制,0.001,同上市證券，由證券商訂定，但不得超過千分之一點四二五,0.5,0.18,富邦證券投資信託股份有限公司,現金申購/贖回,上午9時至中午12時00分,500,不超過2%,不超過2%,(02)8771-6688,台北市敦化南路一段108號8樓,胡德興,胡德興,李明州,李明州,粘瑞益,富邦證券投資信託股份有限公司,富邦證券投資信託股份有限公司,(02)8771-6688,台北市敦化南路一段108號8樓,,292200611
2019,00701,國泰臺灣低波動30,98638457,國泰臺灣低波動30,國泰低波動ETF傘型證券投資信託基金之臺灣低波動精選30證券投資信託基金,Cathay TIP TAIEX +Low Volatility Select 30 ETF,A,國內指數股票型,TW,臺灣,國內成分證券指數股票型基金,臺指低波動精選30指數,TIP TAIEX+ Low Volatility Select 30 Index,TWA5N,完全複製法,臺灣指數公司(Taiwan Index Plus Corporation),,,,42530591,TW0000070101,20170817,20170809,1,1,,否,半年配,,NTD,NTD,5847,玉山商業銀行,,,1000,每受益權單位為準,臺灣證券交易所開盤日上午9:00~下午1:30,50元以上為0.05元50元以下為0.01元,10,上市當日即適用，且融券賣出無平盤以下不得放空限制,0.001,同上市證券，由證券商訂定，但不得超過千分之一點四二五,0.30,0.035,國泰證券投資信託股份有限公司,現金申購/贖回,上午9時至中午12時,500,最高2.0%,最高2.0%,0227008399,台北市大安區敦化南路二段39號6樓,張錫,吳惠君,張雍川,張永輝,游日傑,國泰投信,台灣集中保管結算所股份有限公司,0227195805,台北市復興北路363號11樓,,293757751
2019,00702,國泰標普低波高息,98638458,國泰標普低波高息,國泰低波動ETF傘型證券投資信託基金之美國標普500低波動高股息證券投資信託基金,Cathay S&P 500 Low Volatility High,O,跨國投資股票型,US,美國,國外成分證券指數股票型基金,標普500低波動高股息指數,,SPLVHD.US,完全複製法,標普道瓊斯指數公司(S&P Dow Jones Indices),,,,42530608,TW0000070200,20170817,20170809,1,1,,是,半年配,,NTD,USD,5847,玉山商業銀行,030,美商道富銀行,1000,每受益權單位為準,臺灣證券交易所開盤日上午9:00~下午1:30,50元以上為0.05元50元以下為0.01元,,上市當日即適用，且融券賣出無平盤以下不得放空限制,0.001,同上市證券，由證券商訂定，但不得超過千分之一點四二五,0.35,0.15,國泰證券投資信託股份有限公司,現金申購/贖回,上午9時至中午13時30分,500,最高2.0%,最高2.0%,0227008399,台北市大安區敦化南路二段39號6樓,張錫,吳惠君,張雍川,張永輝,鄭立誠,國泰證券投資信託股份有限公司,台灣集中保管結算所股份有限公司,0227195805,台北市復興北路363號11樓,,292200611
2019,00703,台新MSCI中國,98638450,台新MSCI中國,台新MSCI新興市場國家傘型ETF證券投資信託基金之台新MSCI中國證券投資信託基金,Taishin MSCI China ETF,O,跨國投資股票型,#EM,新興市場,國外成分證券指數股票型基金,MSCI中國指數,MSCI China Index,#MXCN,最佳化法,MSCI,,,,42528997,TW0000070309,20170810,20170802,1,1,,是,不配息,,NTD,HKD,5847,玉山商業銀行,030,美商道富銀行,1000,每受益權單位為準,臺灣證券交易所開盤日上午9:00~下午1:30,每受益權單位市價未滿50元者為1分；50元以上為5分,,上市當日即適用，且融券賣出無平盤以下不得放空限制,0.001,同上市證券，由證券商訂定，但不得超過千分之一點四二五,0.9,0.2,台新證券投資信託股份有限公司,現金申購/贖回,上午9時至上午11時00分,500,最高不超過2%,最高不超過2%,2501-1000,台北市中山區建國北路一段96號13樓,吳火生,閻正宇,閻正宇,NA,楊珮玉,NA,台新證券投資信託股份有限公司,2501-1000,台北市中山區建國北路一段96號13樓,,292200611
2019,00706L,元大S&P日圓正2,F0030013,元大S&P日圓正2,元大標普金日傘型期貨信託基金之元大標普日圓ER單日正向2倍指數股票型期貨信託基金,Yuanta S&P Japanese Yen 2x Leverage ER Futures ETF,L,槓桿指數股票型,JP,日本,槓桿/反向指數股票型基金,標普日圓期貨日報酬正向2倍ER指數,S&P Japanese Yen Futures 2x Leverage Daily ER Index,SPJY2L.US,完全複製法,標普道瓊斯指數公司(S&P Dow Jones Indices),,,,42529996,TW00000706L0,20170901,20170823,1,2,,是,不配息,,NTD,USD,5847,玉山商業銀行股份有限公司信託部,,,1000,每受益權單位為準,臺灣證券交易所開盤日上午9:00~下午1:30,每受益權單位市價未滿50元者為1分；50元以上為5分,,上市當日即適用，且融券賣出無平盤以下不得放空限制,0.001,同上市證券，由證券商訂定，但不得超過千分之一點四二五,0.8,0.15,元大證券投資信託股份有限公司,現金申購/贖回,上午9時至中午13時30分,500,1.00,1.00,02-27175555,臺北市中山區南京東路三段219號11樓,黃古彬,劉宗聖,劉宗聖,黃昭棠,洪安裕,,臺灣集中保管結算所股份有限公司,02-27195805,臺北市復興北路363號11樓,,293064965
2019,00707R,元大S&P日圓反1,F0030012,元大S&P日圓反1,元大標普金日傘型期貨信託基金之元大標普日圓ER單日反向1倍指數股票型期貨信託基金,Yuanta S&P Japanese Yen 1x Inverse ER Futures ETF,R,反向指數股票型,JP,日本,槓桿/反向指數股票型基金,標普日圓期貨日報酬反向1倍ER指數,S&P Japanese Yen Futures 1x Inverse Daily ER Index,SPJY1I.US,完全複製法,標普道瓊斯指數公司(S&P Dow Jones Indices),,,,42529975,TW00000707R5,20170901,20170823,1,-1,,是,不配息,,NTD,USD,5847,玉山商業銀行股份有限公司信託部,,,1000,每受益權單位為準,臺灣證券交易所開盤日上午9:00~下午1:30,每受益權單位市價未滿50元者為1分；50元以上為5分,,上市當日即適用，且融券賣出無平盤以下不得放空限制,0.001,同上市證券，由證券商訂定，但不得超過千分之一點四二五,0.8,0.15,元大證券投資信託股份有限公司,現金申購/贖回,上午9時至中午13時30分,500,1.00,1.00,02-27175555,臺北市中山區南京東路三段219號11樓,黃古彬,劉宗聖,劉宗聖,黃昭棠,方雅婷,,臺灣集中保管結算所股份有限公司,02-27195805,臺北市復興北路363號11樓,,292200611
2019,00708L,元大S&P黃金正2,F0030011,元大S&P黃金正2,元大標普金日傘型期貨信託基金之元大標普高盛黃金ER單日正向2倍指數股票型期貨信託基金,Yuanta S&P GSCI Gold 2x Leveraged ER Futures ETF,L,槓桿指數股票型,#oth,其他,槓桿/反向指數股票型基金,標普高盛黃金日報酬正向兩倍ER指數,S&P GSCI Gold 2x Leveraged Index ER,SPG2L.US,完全複製法,標普道瓊斯指數公司(S&P Dow Jones Indices),,,,42530001,TW00000708L6,20170901,20170823,1,2,,是,不配息,,NTD,USD,5858,臺灣銀行,,,1000,每受益權單位為準,臺灣證券交易所開盤日上午9:00~下午1:30,每受益權單位市價未滿50元者為1分；50元以上為5分,,上市當日即適用，且融券賣出無平盤以下不得放空限制,0.001,同上市證券，由證券商訂定，但不得超過千分之一點四二五,1.00,0.15,元大證券投資信託股份有限公司,現金申購/贖回,上午9時至中午13時30分,500,1.00,1.00,02-27175555,臺北市中山區南京東路三段219號11樓,黃古彬,劉宗聖,劉宗聖,黃昭棠,潘昶安,,臺灣集中保管結算所股份有限公司,02-27195805,臺北市復興北路363號11樓,,293565065
2019,00709,富邦歐洲,98638453,富邦歐洲,富邦富時歐洲ETF證券投資信託基金,Fubon FTSE Developed Europe ETF,O,跨國投資股票型,#EU,歐洲,國外成分證券指數股票型基金,富時發展歐洲指數,FTSE Developed Europe index,FTDEEUR.EU,最佳化複製法,富時指數有限公司(FTSE),,,,42529243,TW0000070903,20170815,20170807,1,1,,是,不配息,,NTD,EUR,5849,永豐商業銀行,081,匯豐(台灣)商業銀行,1000,每受益權單位為準,臺灣證券交易所開盤日上午9:00~下午1:30,每受益權單位市價未滿50元者為0.01元；50元以上為0.05元,,上市當日即適用，且融券賣出無平盤以下不得放空限制,0.001,同上市證券，由證券商訂定，但不得超過千分之一點四二五,20億元(含)以下0.50%；20億元-50億元(含)以下0.40%；50億元以上0.30%,0.29,富邦證券投資信託股份有限公司,現金申購/贖回,上午9時至中午12時00分,500,不超過2%,不超過2%,(02)8771-6688,台北市敦化南路一段108號8樓,胡德興,胡德興,李明州,李明州,簡伯容,富邦證券投資信託股份有限公司,富邦證券投資信託股份有限公司,(02)8771-6688,台北市敦化南路一段108號8樓,,292457643
2019,00710B,FH彭博高收益債,98638454,FH彭博高收益債,復華全球收益ETF傘型證券投資信託基金之復華1至5年期高收益債券證券投資信託基金,Fuh Hwa 1-5 Yr High Yield ETF,O,跨國投資股票型,#G,全球,國外成分證券指數股票型基金,彭博巴克萊1至5年期美元高收益債券(不含中國)發行量五億美元產業10%上限指數,Bloomberg Barclays US High Yield 1-5 year ex China 500mln 10% Sector Capped Index,BBUS1HY.US,最佳化複製法,彭博指數服務公司(Bloomberg Index Services Limited),,,,42529932,TW00000710B3,20170821,20170809,1,1,,是,季配,,NTD,USD,5847,玉山商業銀行,030,美商道富銀行,1000,每受益權單位為準,臺灣證券交易所開盤日上午9:00~下午1:30,每受益權單位市價未滿50元者為0.01元；50元以上為0.05元,,上市當日即適用，且融券賣出無平盤以下不得放空限制,,同上市證券，由證券商訂定，但不得超過千分之一點四二五,未達30億元(不含)：0.46%30億元(含)以上~100億元(含)：0.41%100億元(不含)以上：0.36%,未達30億元(不含)：0.16%30億元(含)以上~100億元(含)：0.10%100億元(不含)以上：0.08%,復華證券投資信託股份有限公司,現金申購/贖回,上午9時至中午12時,1500,最高不得超過每受益權單位淨資產價值之2%,詳公開說明書,(02)8161-6800,台北市八德路二段308號8樓,杜俊雄,周輝啟,周輝啟,邱明強,劉妙惠,,臺灣集中保管結算所股份有限公司,(02)2719-5805,台北市復興北路363號11樓,,293834241
2019,00711B,FH彭博新興債,98638456,FH彭博新興債,復華全球收益ETF傘型證券投資信託基金之復華新興市場10年期以上債券證券投資信託基金,Fuh Hwa Emerging Market 10+ Yr Bond ETF,O,跨國投資股票型,#EM,新興市場,國外成分證券指數股票型基金,彭博巴克萊新興市場10年期以上美元投資等級債券(不含中國)國家10%上限指數,Bloomberg Barclays EM USD ex China Investment Grade 10 year 10% Country Capped Index,BBEIG10.US,最佳化複製法,彭博指數服務公司(Bloomberg Index Services Limited),,,,42529953,TW00000711B1,20170821,20170809,1,1,,是,季配,,NTD,USD,5847,玉山商業銀行,030,美商道富銀行,1000,每受益權單位為準,臺灣證券交易所開盤日上午9:00~下午1:30,每受益權單位市價未滿50元者為0.01元；50元以上為0.05元,,上市當日即適用，且融券賣出無平盤以下不得放空限制,,同上市證券，由證券商訂定，但不得超過千分之一點四二五,未達30億元(不含)：0.50%30億元(含)以上~100億元(含)：0.45%100億元(不含)以上：0.40%,未達30億元(不含)：0.16%30億元(含)以上~100億元(含)：0.14%100億元(不含)以上：0.12%,復華證券投資信託股份有限公司,現金申購/贖回,上午9時至中午12時,1500,最高不得超過每受益權單位淨資產價值之2%,詳公開說明書,(02)8161-6800,台北市八德路二段308號8樓,杜俊雄,周輝啟,周輝啟,邱明強,許忠成,,臺灣集中保管結算所股份有限公司,(02)2719-5805,台北市復興北路363號11樓,,292934245
2019,00712,FH富時不動產,98638455,FH富時不動產,復華全球收益ETF傘型證券投資信託基金之復華富時不動產證券化證券投資信託基金,Fuh Hwa FTSE Mortgage REITs ETF,O,跨國投資股票型,US,美國,國外成分證券指數股票型基金,富時NAREIT抵押權型不動產投資信託指數,FTSE NAREIT Mortgage REITs Index,FTNMR.US,完全複製法,富時國際有限公司(FTSE International Limited),,,,42529948,TW0000071208,20170821,20170809,1,1,,是,季配,,NTD,USD,5847,玉山商業銀行,030,美商道富銀行,1000,每受益權單位為準,臺灣證券交易所開盤日上午9:00~下午1:30,每受益權單位市價未滿50元者為0.01元；50元以上為0.05元,,上市當日即適用，且融券賣出無平盤以下不得放空限制,0.001,同上市證券，由證券商訂定，但不得超過千分之一點四二五,未達30億元(不含)：0.35%30億元(含)以上~100億元(含)：0.30%100億元(不含)以上：0.25%,未達30億元(不含)：0.16%30億元(含)以上~100億元(含)：0.10%100億元(不含)以上：0.08%,復華證券投資信託股份有限公司,現金申購/贖回,上午9時至中午12時,500,最高不得超過每受益權單位淨資產價值之2%,詳公開說明書,(02)8161-6800,台北市八德路二段308號8樓,杜俊雄,周輝啟,周輝啟,邱明強,康毓真,,臺灣集中保管結算所股份有限公司,(02)2719-5805,台北市復興北路363號11樓,,292434249
2019,00713,元大台灣高息低波,98638477,元大台灣高息低波,元大台灣高股息低波動ETF證券投資信託基金,Yuanta Taiwan High Dividend Low Volatility ETF,A,國內指數股票型,TW,臺灣,國內成分證券指數股票型基金,臺灣指數公司特選高股息低波動指數,TIP TAIEX+ Customized High Dividend Minimum Variance Index,TWA5S,最適化法,臺灣指數公司,,,,42540916,TW0000071307,20170927,20170919,1,1,,否,年配,,NTD,NTD,5858,臺灣銀行,,,1000,每受益權單位為準,臺灣證券交易所開盤日上午9:00~下午1:30,50元以上為0.05元50元以下為0.01元,10,上市當日即適用，且融券賣出無平盤以下不得放空限制,0.001,同上市證券，由證券商訂定，但不得超過千分之一點四二五,淨資產價值<=20億為0.45%20億<淨資產價值<=50億為0.35%50億<淨資產價值為0.3%,0.035,元大證券投資信託股份有限公司,現金申購/贖回,上午9時至上午12時,500,最高不得超過每受益權單位淨資產價值之1%,最高不得超過每受益權單位淨資產價值之1%,02-27175555,台北市中山區南京東路三段219號11樓,黃古彬,劉宗聖,劉宗聖,黃昭棠,陳威志,,臺灣集中保管結算所股份有限公司,02-27195805,台北市復興北路363號11樓,,292200611
2019,00714,群益道瓊美國地產,98638518,群益道瓊美國地產,群益道瓊美國地產ETF證券投資信託基金,CAPITAL DOW JONES U.S. REAL ESTATE INDEX EXCHANGE TRADED FUND,O,跨國投資股票型,US,美國,國外成分證券指數股票型基金,道瓊美國地產指數,Dow Jones U.S. Real Estate Index,#DJUSRE,最佳化複製法,標普道瓊斯指數公司(S&P Dow Jones Indices),,,,42543131,TW0000071406,20171027,20171020,1,1,,是,季配,,NTD,USD,5843,兆豐國際商業銀行,030,美商道富銀行,1000,每受益權單位為準,臺灣證券交易所開盤日上午9:00~下午1:30,每受益權單位市價未滿50元者為0.01元；50元以上為0.05元,,上市當日即適用，且融券賣出無平盤以下不得放空限制,0.001,同上市證券，由證券商訂定，但不得超過千分之一點四二五,未達20億元(不含)：0.85%20億元(含)以上~50億元(含)：0.65%50億元(不含)以上：0.45%,0.18,群益證券投資信託股份有限公司,現金申購/贖回,上午9時至下午1時30分,500,2%,0,(02)27067688,台北市大安區敦化南路二段69號15樓,賴政昇,林慧玟,陳明輝,無,張菁惠,無,群益證券投資信託股份有限公司,(02)27067688,台北市大安區敦化南路二段69號15樓,,292200611
2019,00715L,華頓S&P布蘭特正2,F0130002,華頓S&P布蘭特正2,華頓標普高盛布蘭特原油傘型期貨信託基金之華頓標普高盛布蘭特原油ER單日正向2倍指數股票型期貨信託基金,Paradigm S&P GSCI Brent Crude 2X Leveraged ER Futures ETF,L,槓桿指數股票型,#oth,其他,指數股票型期貨信託基金,標普高盛布蘭特原油日報酬正向兩倍ER指數,S&P GSCI Brent Crude 2X leveraged ER Index,SPGBR2L.US,完全複製法,標普道瓊斯指數公司(S&P Dow Jones Indices),,,,42546947,TW00000715L1,20171116,20171108,1,2,,是,不配息,,NTD,USD,5858,臺灣銀行,,,1000,每受益權單位為準,臺灣證券交易所開盤日上午9:00~下午1:30,每受益權單位市價未滿50元者為1分；50元以上為5分,,上市當日即適用，且融券賣出無平盤以下不得放空限制,0.001,同上市證券，由證券商訂定，但不得超過千分之一點四二五,1,0.15,國票華頓證券投資信託股份有限公司,現金申購/贖回,上午9時至中午13時30分,500,1.00,1.00,(02)2175-6969,台北市民權東路三段6號5樓,高武忠,彭斌珺,彭斌珺,陳盈如,鍾元怡,,臺灣集中保管結算所股份有限公司,(02)2719-5805,臺北市復興北路363號11樓,,293657756
2019,00716R,華頓S&P布蘭特反1,F0130003,華頓S&P布蘭特反1,華頓標普高盛布蘭特原油傘型期貨信託基金之華頓標普高盛布蘭特原油ER單日反向1倍指數股票型期貨信託基金,Paradigm S&P GSCI Brent Crude 1X Inverse ER Futures ETF,R,反向指數股票型,#oth,其他,指數股票型期貨信託基金,標普高盛布蘭特原油日報酬反向一倍ER指數,S&P GSCI Brent Crude 1X Inverse ER Index,SPGBR1I.US,完全複製法,標普道瓊斯指數公司(S&P Dow Jones Indices),,,,42546952,TW00000716R6,20171116,20171108,1,-1,,是,不配息,,NTD,USD,5858,臺灣銀行,,,1000,每受益權單位為準,臺灣證券交易所開盤日上午9:00~下午1:30,每受益權單位市價未滿50元者為1分；50元以上為5分,,上市當日即適用，且融券賣出無平盤以下不得放空限制,0.001,同上市證券，由證券商訂定，但不得超過千分之一點四二五,1,0.15,國票華頓證券投資信託股份有限公司,現金申購/贖回,上午9時至中午13時30分,500,1.00,1.00,(02)2175-6969,台北市民權東路三段6號5樓,高武忠,彭斌珺,彭斌珺,陳盈如,黃昇平,,臺灣集中保管結算所股份有限公司,(02)2719-5805,臺北市復興北路363號11樓,,293657756
2019,00717,富邦美國特別股,98638550,富邦美國特別股,富邦標普美國特別股ETF證券投資信託基金,Fubon S&P US Preferred Stock ETF,O,跨國投資股票型,US,美國,國外成分證券指數股票型基金,標普美國特別股指數,,SPPREF.US,最佳化,標普道瓊斯指數有限公司,,,,42546448,TW0000071703,20171129,20171113,1,1,,是,季配,,NTD,USD,5841,中國信託商業銀行,030,美商道富銀行,1000,每受益權單位為準,臺灣證券交易所開盤日上午9:00~下午1:30,每受益權單位市價未滿50元者為1分；50元以上為5分,,上市當日即適用，且融券賣出無平盤以下不得放空限制,0.001,同上市證券，由證券商訂定，但不得超過千分之一點四二五,0.60,0.20,富邦證券投資信託股份有限公司,現金申購/贖回,上午9時至下午2時,500,不超過2%,不超過2%,(02)8771-6688,台北市敦化南路一段108號8樓,胡德興,胡德興,李明州,李明州,簡伯容,富邦證券投資信託股份有限公司,富邦證券投資信託股份有限公司,(02)8771-6688,台北市敦化南路一段108號8樓,,293857766
2019,00718B,富邦中國政策債,98638659,富邦中國政策債,富邦中國政策金融債券ETF證券投資信託基金,Fubon China Policy Bank Bond ETF,B,債券指數股票型,CN,中國,債券ETF,彭博巴克萊中國政策金融債指數,Bloomberg Barclays China Policy Bank Index,BBCPB.CN,最佳化,Bloomberg Index Services Limited,,,,42550548,TW00000718B6,20180208,20180119,2,1,,是,半年配,,NTD,CNY,5841,中國信託商業銀行,081,匯豐(台灣)商業銀行,1000,每受益權單位為準,同上櫃證券,每受益權單位市價未滿50元者為1分；50元以上為5分,,上櫃當日即適用，且無平盤以下不得融券及借券賣出之限制,,同上櫃證券,30億元(含)以下：0.40%30億元以上：0.30%,30億元(含)以下：0.15%30億元以上：0.12%,富邦證券投資信託股份有限公司,現金申購/贖回,上午9時至14時00分,500,不超過1%,不超過1%,(02)8771-6688,台北市敦化南路一段108號8樓,胡德興,胡德興,李明州,李明州,粘瑞益,富邦證券投資信託股份有限公司,富邦證券投資信託股份有限公司,(02)8771-6688,台北市敦化南路一段108號8樓,,293857759
2019,00719B,元大美債1-3,98638648,元大美債1-3,元大多元債券ETF傘型證券投資信託基金之元大美國政府1至3年期債券ETF證券投資信託基金,Yuanta U.S. Treasury 1-3 Year Bond ETF,B,債券指數股票型,US,美國,債券ETF,ICE美國政府1-3年期債券指數,ICE U.S. Treasury 1-3 Year Bond Index,IDCOT1.US,最佳化,Interactive Data Pricing and Reference Data   LLC,,,,42552659,TW00000719B4,20180201,20180119,2,1,,是,年配,,NTD,USD,5844,第一商業銀行,030,美商道富銀行,1000,每受益權單位為準,同上櫃證券,每受益權單位市價未滿50元者為1分；50元以上為5分,,上櫃當日即適用，且無平盤以下不得融券及借券賣出之限制,,同上櫃證券,30億(含)以下: 0.12%30億~50億(含):0.08%50億以上:0.07%,30億(含)以下: 0.10%30億~50億(含):0.07%50億以上:0.06%,元大證券投資信託股份有限公司,現金申購/贖回,上午9時至下午13時30分,500,最高不得超過每受益權單位淨資產價值之1%，本基金申購手續費依最新公開說明書規定,最高不得超過每受益權單位淨資產價值之1%，並得由經理公司在此範圍內公告後調整。買回手續費依最新公開說明書之規定。,(02)27175555,台北市中山區南京東路三段219號11樓,黃古彬,劉宗聖,劉宗聖,黃昭棠,周宜縉,,臺灣集中保管結算所股份有限公司,(02)27195805,台北市復興北路363號11樓,,294057772
2019,00720B,元大投資級公司債,98638649,元大投資級公司債,元大多元債券ETF傘型證券投資信託基金之元大20年期以上BBB級美元公司債券ETF證券投資信託基金,Yuanta US 20+ Year BBB Corporate Bond ETF,B,債券指數股票型,US,美國,債券ETF,彭博巴克萊美國20+年期BBB公司債流動性指數,Bloomberg Barclays US 20+ Year BBB Corporate Bond liquid index,BBUSCBL.US,最佳化,彭博指數服務公司(Bloomberg Index Services Limited),,,,42552623,TW00000720B2,20180201,20180119,2,1,,是,季配,,NTD,USD,5849,永豐商業銀行,030,美商道富銀行,1000,每受益權單位為準,同上櫃證券,每受益權單位市價未滿50元者為1分；50元以上為5分,,上櫃當日即適用，且無平盤以下不得融券及借券賣出之限制,,同上櫃證券,30億以下：0.40%30億以上：0.30%,30億以下：0.14%30億以上：0.12%,元大證券投資信託股份有限公司,現金申購/贖回,上午9時至下午13時30分,500,最高不得超過發行價格之1%，本基金申購手續費依最新公開說明書規定。,最高不得超過每受益權單位淨資產價值之1%，並得由經理公司在此範圍內公告後調整。買回手續費依最新公開說明書之規定。,(02)27175555,台北市中山區南京東路三段219號11樓,黃古彬,劉宗聖,劉宗聖,黃昭棠,張勝原/周宜縉,,臺灣集中保管結算所股份有限公司,(02)27195805,台北市復興北路363號11樓,,293068463
2019,00721B,元大中國債3-5,98638650,元大中國債3-5,元大多元債券ETF傘型證券投資信託基金之元大中國國債及政策性金融債3至5年期債券ETF證券投資信託基金,Yuanta China Treasury + Policy Bank 3-5 Year Bond ETF,B,債券指數股票型,CN,中國,債券ETF,彭博巴克萊中國國債及政策性金融債3-5年期債券指數,Bloomberg Barclays China Treasury + Policy Bank 3-5 Year Bond Index,BBCTP3.CN,最佳化,彭博指數服務公司(Bloomberg Index Services Limited),,,,42552638,TW00000721B0,20180201,20180119,2,1,,是,年配,,NTD,CNY,5838,華南商業銀行,021,花旗(台灣)商業銀行,1000,每受益權單位為準,同上櫃證券,每受益權單位市價未滿50元者為1分；50元以上為5分,,上櫃當日即適用，且無平盤以下不得融券及借券賣出之限制,,同上櫃證券,30億以下：0.40%30億以上：0.30%,30億以下：0.15%30億以上：0.12%,元大證券投資信託股份有限公司,現金申購/贖回,上午9時至下午13時30分,500,最高不得超過每受益權單位淨資產價值之1%。,最高不得超過每受益權單位淨資產價值之1%。,(02)27175555,台北市中山區南京東路三段219號11樓,黃古彬,劉宗聖,劉宗聖,黃昭棠,張勝原,,臺灣集中保管結算所股份有限公司,(02)27195805,台北市復興北路363號11樓,,293764968
2019,00722B,群益15年IG電信債,98638635,群益15年IG電信債,群益產業型投資等級公司債ETF傘型之群益15年期以上電信業公司債ETF基金,CAPITAL BofA MERRILL LYNCH 15+ YEAR US TELECO,B,債券指數股票型,US,美國,債券ETF,ICE BofAML 15年期以上美元電信業公司債指數,ICE BofAML 15+ Year US Telecommunications Index,M15UST.US,最佳化,ICE BofA Merrill Lynch,,,,42553637,TW00000722B8,20171215,20171208,2,1,,是,季配,,NTD,USD,5841,中國信託商業銀行,030,美商道富銀行,1000,每受益權單位為準,同上櫃證券,每受益權單位市價未滿50元者為1分；50元以上為5分,,上櫃當日即適用，且無平盤以下不得融券及借券賣出之限制,,最高千分之一點四二五,30億(含)以下：0.50%30億(不含)以上，200億(含)以下：0.30%200億(不含)以上：0.20%,30億(含)以下：0.17%30億(不含)以上，200億(含)以下：0.10%200億(不含)以上：0.06%,群益證券投資信託股份有限公司,現金申購/贖回,上午9時至下午13時30分,500,0-2%,0-2%,(02)27067688,台北市大安區敦化南路二段69號15樓,賴政昇,林慧玟,陳明輝,無,張菁惠,無,群益證券投資信託股份有限公司,(02)27067688,台北市大安區敦化南路二段69號15樓,,293757750
2019,00723B,群益15年IG科技債,98638636,群益15年IG科技債,群益產業型投資等級公司債ETF傘型之群益15年期以上科技業公司債ETF基金,CAPITAL BofA MERRILL LYNCH 15+ YEAR US TECHNO,B,債券指數股票型,US,美國,債券ETF,ICE BofAML 15年期以上美元科技業公司債指數,ICE BofAML 15+ Year Technology & Electronics Index,M15USTE.US,最佳化,ICE BofA Merrill Lynch,,,,42553643,TW00000723B6,20171215,20171208,2,1,,是,季配,,NTD,USD,5841,中國信託商業銀行,030,美商道富銀行,1000,每受益權單位為準,同上櫃證券,每受益權單位市價未滿50元者為1分；50元以上為5分,,上櫃當日即適用，且無平盤以下不得融券及借券賣出之限制,,最高千分之一點四二五,30億(含)以下：0.50%30億(不含)以上，200億(含)以下：0.30%200億(不含)以上：0.20%,30億(含)以下：0.17%30億(不含)以上，200億(含)以下：0.10%200億(不含)以上：0.06%,群益證券投資信託股份有限公司,現金申購/贖回,上午9時至下午13時30分,500,0-2%,0-2%,(02)27067688,台北市大安區敦化南路二段69號15樓,賴政昇,林慧玟,陳明輝,無,張菁惠,無,群益證券投資信託股份有限公司,(02)27067688,台北市大安區敦化南路二段69號15樓,,293757750
2019,00724B,群益10年IG金融債,98638637,群益10年IG金融債,群益產業型投資等級公司債ETF傘型之群益10年期以上金融債ETF基金,CAPITAL BofA MERRILL LYNCH 10+ YEAR US BANKIN,B,債券指數股票型,US,美國,債券ETF,ICE BofAML 10年期以上美元金融債指數,ICE BofAML 10+ Year US Banking Index,M10USB.US,最佳化,ICE BofA Merrill Lynch,,,,42553664,TW00000724B4,20171215,20171208,2,1,,是,季配,,NTD,USD,5841,中國信託商業銀行,030,美商道富銀行,1000,每受益權單位為準,同上櫃證券,每受益權單位市價未滿50元者為1分；50元以上為5分,,上櫃當日即適用，且無平盤以下不得融券及借券賣出之限制,,最高千分之一點四二五,30億(含)以下：0.50%30億(不含)以上，200億(含)以下：0.30%200億(不含)以上：0.20%,30億(含)以下：0.17%30億(不含)以上，200億(含)以下：0.10%200億(不含)以上：0.06%,群益證券投資信託股份有限公司,現金申購/贖回,上午9時至下午13時30分,500,0~2%,0~2%,(02)27067688,台北市大安區敦化南路二段69號15樓,賴政昇,林慧玟,陳明輝,無,張菁惠,無,群益證券投資信託股份有限公司,(02)27067688,台北市大安區敦化南路二段69號15樓,,293134243
2019,00725B,國泰投資級公司債,98638661,國泰投資級公司債,國泰息收ETF傘型基金之彭博巴克萊10年期(以上) BBB美元息收公司債券基金,Cathay BBB Corporate 10Y+ ETF,B,債券指數股票型,US,美國,債券ETF,彭博巴克萊10年期以上BBB美元息收公司債(中國除外)指數,,BBUCB10.US,最佳化法為主，完全複製法為輔,彭博指數服務公司 (Bloomberg Index Services Limited),,,,72939309,TW00000725B1,20180207,20180129,2,1,,是,季配,,NTD,USD,5847,玉山商業銀行,030,美商道富銀行,1000,每受益權單位為準,同上櫃證券,50元以上為0.05元50元以下為0.01元,,上櫃當日即適用，且無平盤以下不得融券及借券賣出之限制,,最高千分之一點四二五,30億以下：0.45%30億~60億(含)：0.40%60億以上: 0.35%,30億以下：0.16%30億~100億(含)：0.14%100億以上: 0.12%,國泰證券投資信託股份有限公司,現金申購/贖回,上午9時至中午12時,1500,最高1.0%,最高1.0%,(02)227008399,台北市大安區敦化南路二段39號6樓,張錫,吳惠君,張雍川,張永輝,鄭立誠,國泰證券投資信託股份有限公司,台灣集中保管結算所股份有限公司,(02)27195805,台北市復興北路363號11樓,,293557648
2019,00726B,國泰5Y+新興債,98638663,國泰5Y+新興債,國泰彭博巴克萊新興市場5年期(以上)美元息收投資等級債券基金,Cathay EM Investment Grade 5Y+ ETF,B,債券指數股票型,#EM,新興市場,債券ETF,彭博巴克萊新興市場5年期以上美元息收投資等級債指數(中國除外)指數,,BBEIG5.US,最佳化法為主，完全複製法為輔,彭博指數服務公司 (Bloomberg Index Services Limited),,,,72939321,TW00000726B9,20180207,20180129,2,1,,是,季配,,NTD,USD,5841,中國信託商業銀行,030,美商道富銀行,1000,每受益權單位為準,同上櫃證券,50元以上為0.05元50元以下為0.01元,,上櫃當日即適用，且無平盤以下不得融券及借券賣出之限制,,最高千分之一點四二五,30億以下：0.45%30億~60億(含)：0.40%60億以上: 0.35%,30億以下：0.16%30億~100億(含)：0.12%100億以上: 0.10%,國泰證券投資信託股份有限公司,現金申購/贖回,上午9時至中午12時,1500,最高1.0%,最高1.0%,27008399,台北市大安區敦化南路二段39號6樓,張錫,吳惠君,張雍川,張永輝,林盈華,國泰證券投資信託股份有限公司,台灣集中保管結算所股份有限公司,(02)27195805,台北市復興北路363號11樓,,293057744
2019,00727B,國泰1-5Y高收債,98638662,國泰1-5Y高收債,國泰息收ETF傘型基金之彭博巴克萊優選1-5年美元高收益債券基金,Cathay High Yield 1-5Y ETF,B,債券指數股票型,US,美國,債券ETF,彭博巴克萊優選短期美元高收債指數(中國除外)指數,,BBU1HYC.US,最佳化法為主，完全複製法為輔,彭博指數服務公司 (Bloomberg Index Services Limited),,,,72939315,TW00000727B7,20180207,20180129,2,1,,是,季配,,NTD,USD,5847,玉山商業銀行,030,美商道富銀行,1000,每受益權單位為準,同上櫃證券,50元以上為0.05元50元以下為0.01元,,上櫃當日即適用，且無平盤以下不得融券及借券賣出之限制,,最高千分之一點四二五,30億以下：0.45%30億~60億(含)：0.40%60億以上: 0.35%,30億以下：0.16%30億~100億(含)：0.10%100億以上: 0.08%,國泰證券投資信託股份有限公司,現金申購/贖回,上午9時至中午12時,1500,最高1.0%,最高1.0%,0227008399,台北市大安區敦化南路二段39號6樓,張錫,吳惠君,張雍川,張永輝,鄭立誠,國泰證券投資信託股份有限公司,台灣集中保管結算所股份有限公司,(02)27195805,台北市復興北路363號11樓,,292200611
2019,00728,第一金工業30,98638756,第一金工業30,第一金臺灣工業菁英30ETF傘型證券投資信託基金之第一金臺灣工業菁英30 ETF證券投資信託基金,FSITC Taiwan Industry Elite 30 ETF,A,國內指數股票型,TW,臺灣,國內成分證券指數股票型基金,臺灣工業菁英30指數,TIP TAIEX+ Industry Elite 30 Index,TWA5L,完全複製法,臺灣指數公司,,,,72949242,TW0000072800,20180418,20180410,1,1,,否,年配,,NTD,NTD,5847,玉山商業銀行,,,1000,每受益權單位為準,臺灣證券交易所開盤日上午9:00~下午1:30,未滿50元者為1分；50元以上為5分,10,上市當日即適用，且融券賣出無平盤以下不得放空限制,0.001,同上市證券，由證券商訂定，但不得超過千分之一．四二五,0.4,0.035,第一金證券投資信託股份有限公司,現金申購/贖回,上午9時至中午12時,500,申購手續費最高不得超過發行價格之2,最高不得超過每受益權單位淨資產價值之2%,(02)2504-1000,台北市10477民權東路三段6號7樓,薛淑梅,羅瑞民,陳如中,李文惠,曾萬勝,無,臺灣集中保管結算所股份有限公司,02-27195805,台北市復興北路363號11樓,,292200611
2019,00729R,第一金工業30反1,98638755,第一金工業30反1,第一金臺灣工業菁英30ETF傘型證券投資信託基金之第一金臺灣工業菁英30單日反向一倍ETF證券投資信託基金,FSITC Taiwan Industry Elite 30 Daily -1X Inverse ETF,R,反向指數股票型,TW,臺灣,槓桿/反向指數股票型基金,臺灣工業菁英30日報酬反向一倍指數,TIP TAIEX+ Industry Elite 30 Index Daily Return Inverse -1X Index,TWA5U,合成複製法,臺灣指數公司,,,,72949221,TW00000729R9,20180418,20180410,1,-1,,否,不配息,,NTD,NTD,5847,玉山商業銀行,,,1000,每受益權單位為準,臺灣證券交易所開盤日上午9:00~下午1:30,未滿50元者為1分；50元以上為5分,10,上市當日即適用，且融券賣出無平盤以下不得放空限制,0.001,同上市證券，由證券商訂定，但不得超過千分之一．四二五,1,0.04,第一金證券投資信託股份有限公司,現金申購/贖回,上午9時至中午12時,500,申購手續費最高不得超過發行價格之2,最高不得超過每受益權單位淨資產價值之2%,(02)2504-1000,台北市10477民權東路三段6號7樓,薛淑梅,羅瑞民,陳如中,李文惠,程懷毅,無,臺灣集中保管結算所股份有,02-27195805,台北市復興北路363號11樓,,293257735
2019,00730,富邦臺灣優質高息,98638664,富邦臺灣優質高息,富邦道瓊臺灣優質高息30ETF證券投資信託基金,Fubon Dow Jones Taiwan High-Quality Dividend 30 ETF,A,國內指數股票型,TW,臺灣,國內成分證券指數股票型基金,道瓊斯台灣優質高股息30指數,,DJTHQ30.TW,完全複製法,標普道瓊斯指數有限公司,,,,72949931,TW0000073006,20180208,20180130,1,1,,否,年配,,NTD,NTD,2893,臺灣新光商業銀行,,,1000,每受益權單位為準,臺灣證券交易所開盤日上午9:00~下午1:30,每受益權單位市價未滿50元者為1分；50元以上為5分,10,上市當日即適用，且融券賣出無平盤以下不得放空限制,0.001,同上市證券，由證券商訂定，但不得超過千分之一點四二五,基金規模未滿20億元:0.45%基金規模20億元(含)以上未滿50億元 : 0.35%基金規模50億元(含)以上: 0.30%,0.035,富邦證券投資信託股份有限公司,現金申購/贖回,上午9時至11時30分,500,不超過2%,不超過2%,(02)8771-6688,台北市敦化南路一段108號8樓,胡德興,胡德興,李明州,李明州,粘瑞益,富邦證券投資信託股份有限公司,富邦證券投資信託股份有限公司,(02)8771-6688,台北市敦化南路一段108號8樓,,292200611
2019,00731,FH富時高息低波,98638757,FH富時高息低波,復華富時台灣高股息低波動證券投資信託基金,Fuh Hwa FTSE Taiwan High Div Low Vol ETF,A,國內指數股票型,TW,臺灣,國內成分證券指數股票型基金,富時台灣高股息低波動指數,FTSE Taiwan High Dividend Low Volatility Index,TWA58,最適化法,富時國際有限公司(FTSE International Limited，FTSE),,,,72957164,TW0000073105,20180420,20180412,1,1,,否,年配,,NTD,NTD,2893,臺灣新光商業銀行,,,1000,每受益權單位為準,臺灣證券交易所開盤日上午9:00~下午1:30,每受益權單位市價未滿50元者為0.01元；50元以上為0.05元,10,上市當日即適用，且融券賣出無平盤以下不得放空限制,0.001,同上市證券，由證券商訂定，但不得超過千分之一點四二五,20億元(含)以下：0.45%20億元(不含)以上~50億元(含)：0.35%50億元(不含)以上：0.30%,0.035,復華證券投資信託股份有限公司,現金申購/贖回,上午9時至中午12時,500,最高不得超過每受益權單位淨資產價值之2%,最高不得超過每受益權單位淨資產價值之2%,(02)8161-6800,台北市中山區八德路二段308號8樓,杜俊雄,周輝啟,周輝啟,邱明強,游忠憲,,台灣集中保管結算所股份有限公司,(02)2719-5805,台北市松山區復興北路363號11樓,,292200611
2019,00732,國泰RMB短期報酬,98638785,國泰RMB短期報酬,國泰優勢收益傘型證券投資信託基金之富時人民幣短期報酬ETF 證券投資信託基金,Cathay FTSE Chinese Government and Policy Bank Bond 0-1Year Select ETF,O,跨國投資股票型,CN,中國,國外成分證券指數股票型基金,富時中國國債及政策銀行債0-1,,FCGPBB1.CN,最佳化法為主，完全複製法為輔,富時羅素指數服務公司,,,,72958749,TW0000073204,20180514,20180504,1,1,,是,不配息,,NTD,CNY,5847,玉山商業銀行,021,花旗(台灣)商業銀行,1000,每受益權單位為準,臺灣證券交易所開盤日上午9:00~下午1:30,50元以上為0.05元50元以下為0.01元,,上市當日即適用，且無平盤以下不得融券及借券賣出之限制,0.001,同上市證券，由證券商訂定，但不得超過千分之一點四二五,新臺幣50億元(含)以下，0.25%；新臺幣50億元~100億元(含)，0.20%；新臺幣100億元~150億元(含)，0.145%；新臺幣150億元~200億元(含)，0.120%；超過新臺幣200億元時，0.095％。,新臺幣100億元(含)以下，0.08%；超過新臺幣100億元時，0.075%。,國泰證券投資信託股份有限公司,現金申購/贖回,上午9時至中午12時,1500,最高1.0%,最高1.0%,227008399,台北市大安區敦化南路二段39號6樓,張錫,吳惠君,張雍川,張永輝,鄭立誠,國泰證券投資信託股份有限公司,台灣集中保管結算所股份有限公司,(02)27195805,台北市復興北路363號11樓,,293757751
2019,00733,富邦臺灣中小,98638784,富邦臺灣中小,富邦臺灣中小A級動能50ETF基金,Fubon Taiwan Small-Mid Cap Alpha Momentum 50 ETF,A,國內指數股票型,TW,臺灣,國內成分證券指數股票型基金,臺灣指數公司中小型A級動能50指數,,TWA5R,最佳化,臺灣指數公司,,,,72960132,TW0000073303,20180517,20180504,1,1,,否,不配息,,NTD,NTD,2801,彰化商業銀行,,,1000,每受益權單位為準,臺灣證券交易所開盤日上午9:00~下午1:30,每受益權單位市價未滿50元者為1分；50元以上為5分,10,上市當日即適用，且融券賣出無平盤以下不得放空限制,0.001,同上市證券，由證券商訂定，但不得超過千分之一點四二五,0.3,0.035,富邦證券投資信託股份有限公司,現金申購/贖回,上午9時至上午11時,500,不超過2%,不超過2%,(02)8771-6688,台北市敦化南路一段108樓8樓,胡德興,胡德興,李明州,李明州,簡伯容,富邦投信,富邦證券投資信託股份有限公司,(02)8771-6688,台北市敦化南路一段108樓8樓,,293957741
2019,00734B,台新JPM新興債,98638800,台新JPM新興債,台新摩根大通新興市場投資等級美元債券ETF證券投資信託基金,Taishin J.P. Morgan EMBIG ETF,B,債券指數股票型,#EM,新興市場,債券ETF,摩根大通新興市場投資等級債核心指數,J.P. Morgan Custom EMBIG Core IG Index,JPCECIG.US,最佳化,J.P. Morgan Securities LLC,,,,72959748,TW00000734B3,20180524,20180518,2,1,,是,季配,,NTD,USD,5858,臺灣銀行,030,美商道富銀行,1000,每受益權單位為準,同上櫃證券,每受益權單位市價未滿50元者為1分；50元以上為5分,,上櫃當日即適用，且無平盤以下不得融券及借券賣出之限制,,同上市證券，由證券商訂定，但不得超過千分之一．四二五,0.40,30億(不含)以下：0.16%30億(含)以上，100億(含)以下：0.12%100億(不含)以上：0.10%,台新證券投資信託股份有限公司,現金申購/贖回,上午9時至中午12時00分,2500,最高不超過2%,最高不超過2%,2501-1000,台北市中山區建國北路一段96號13樓,饒世湛,閻正宇,閻正宇,NA,張瑋芝,NA,台灣集中保管結算所股份有限公司,02)27195805,台北市復興北路363號11樓,,292200611
2019,00735,國泰臺韓科技,98638828,國泰臺韓科技,國泰趨勢ETF傘型證券投資信託基金之臺韓科技證券投資信託基金,Cathay Korea/Taiwan IT Premier ETF,O,跨國投資股票型,#AS,亞洲,國外成分證券指數股票型基金,臺韓資訊科技指數,,TWI000,完全複製法為主，最佳化法為輔,臺灣指數公司及韓國交易所,,,,72962758,TW0000073501,20180611,20180529,1,1,,是,半年配,,NTD,NTD,5847,玉山商業銀行,030,美商道富銀行,1000,每受益權單位為準,同上市證券,50元以上為0.05元50元以下為0.01元,,上市當日即適用，且無平盤以下不得融券及借券賣出之限制,0.001,最高千分之一點四二五,0.35％。,0.13。,國泰證券投資信託股份有限公司,現金申購/贖回,上午9時至中午12時,500,最高2.0%,最高2.0%,02-27008399,台北市大安區敦化南路二段39號6樓,張錫,吳惠君,張雍川,張永輝,游日傑,國泰證券投資信託股份有限公司,台灣集中保管結算所股份有限公司,02-27195805,台北市復興北路363號11樓,,293661432
2019,00736,國泰新興市場,98638829,國泰新興市場,國泰趨勢ETF傘型證券投資信託基金之富時新興市場基金,Cathay FTSE Emerging Markets ETF,O,跨國投資股票型,#EM,新興市場,國外成分證券指數股票型基金,富時新興市場(納入A股)指數,,FQE.US,最佳化法為主,富時羅素指數公司,,,,72962770,TW0000073600,20180611,20180529,1,1,,是,半年配,,NTD,USD,5847,玉山商業銀行,030,美商道富銀行,1000,每受益權單位為準,同上市證券,50元以上為0.05元50元以下為0.01元,,上市當日即適用，且無平盤以下不得融券及借券賣出之限制,0.001,最高千分之一點四二五,30 億（含）以下：0.5%；30~60 億（含）：0.45%；60 億以上：0.4%,0.16。,國泰證券投資信託股份有限公司,現金申購/贖回,上午9時至中午12時,500,最高2.0%,最高2.0%,0227008399,台北市大安區敦化南路二段39號6樓,張錫,吳惠君,張雍川,張永輝,游凱卉,國泰投信,台灣集中保管結算所股份有限公司,(02)27195805,台北市復興北路363號11樓,,293734306
2019,00737,國泰AI+ROBO,98638832,國泰AI+ROBO,國泰趨勢ETF傘型證券投資信託基金之納斯達克全球人工智慧及機器人證券投資信託基金,Cathay Nasdaq CTA Artificial Inteligence and Robotics ETF,O,跨國投資股票型,#G,全球,國外成分證券指數股票型基金,納斯達克CTA全球人工智慧及機器人指數,,NQROBO.US,完全複製法為主，最佳化法為輔,納斯達克指數公司,,,,72962743,TW0000073709,20180611,20180529,1,1,,是,不配息,,NTD,USD,5847,玉山商業銀行,030,美商道富銀行,1000,每受益權單位為準,同上市證券,50元以上為0.05元50元以下為0.01元,,上市當日即適用，且無平盤以下不得融券及借券賣出之限制,0.001,最高千分之一點四二五,0.85,0.25。,國泰證券投資信託股份有限公司,現金申購/贖回,上午9時至下午13時30分,500,最高2.0%,最高2.0%,0227008399,台北市大安區敦化南路二段39號6樓,張錫,吳惠君,張雍川,張永輝,游日傑,國泰證券投資信託股份有限公司,台灣集中保管結算所股份有限公司,0227195805,台北市復興北路365號2樓,,293657756
2019,00738U,元大道瓊白銀,F0030014,元大道瓊白銀,元大道瓊白銀ER指數股票型期貨信託基金,Yuanta DJCI Silver ER Futures ETF,U,期信指數股票型,#oth,其他,指數股票型期貨信託基金,道瓊白銀ER指數,Dow Jones Commodity Index Silver Excess Return,DJCISI.US,完全複製法,標普道瓊斯指數公司(S&P Dow Jones Indices),,,,72962639,TW00000738U4,20180601,20180523,1,1,,是,不配息,,NTD,USD,5857,臺灣土地銀行股份有限公司,,,1000,每受益權單位為準,臺灣證券交易所開盤日上午9:00~下午1:30,每受益權單位市價未滿50元者為1分；50元以上為5分,,上市當日即適用，且融券賣出無平盤以下不得放空限制,0.001,同上市證券，由證券商訂定，但不得超過千分之一點四二五,1.0,0.15,元大證券投資信託股份有限公司,現金申購/贖回,上午9時至中午13時30分,500,1.00,1.00,02-27175555,臺北市中山區南京東路三段219號11樓,黃古彬,劉宗聖,劉宗聖,黃昭棠,方雅婷,,臺灣集中保管結算所股份有限公司,02-27195805,臺北市復興北路363號11樓,,293964949
2019,00739,元大MSCI A股,98638799,元大MSCI A股,元大MSCI中國A股國際通ETF證券投資信託基金,Yuanta MSCI CHINA A ETF,O,跨國投資股票型,CN,中國,國外成分證券指數股票型基金,MSCI中國A股國際通指數,MSCI China A Inclusion Index,MSCA.CN,最佳化法,明晟指數公司(MSCI),,,,72963026,TW0000073907,20180627,20180619,1,1,,是,年配,,NTD,CNY,5841,中國信託商業銀行,030,美商道富銀行,1000,每受益權單位為準,臺灣證券交易所開盤日上午9:00~下午1:30,50元以上為0.05元50元以下為0.01元,,上市當日即適用，且融券賣出無平盤以下不得放空限制,0.001,同上市證券，由證券商訂定，但不得超過千分之一點四二五,規模150億元(含)以下：0.70%規模150億元(不含)以上且200億元(含)以下：0.60%規模200億元(不含)以上：0.50%,0.10,元大證券投資信託股份有限公司,現金申購/贖回,上午9時至中午12時,500,最高不得超過發行價格之１％,最高不得超過每受益權單位淨資產價值之１％,02-27175555,台北市中山區南京東路三段219號11樓,黃古彬,劉宗聖,劉宗聖,黃昭棠,陳重銓(核心)、李孟霞,,臺灣集中保管結算所股份有限公司,(02)27195805,台北市復興北路363號11樓,,293964949
2019,00740B,富邦全球投等債,98638834,富邦全球投等債,富邦彭博巴克萊10年期(以上)BBB美元息收公司債券ETF證券投資信託基金,Fubon10+ Years US Corporate Bond BBB Ex China,B,債券指數股票型,US,美國,債券ETF,彭博巴克萊10年期以上BBB美元息收公司債(中國除外)指數,Bloomberg Barclays US BBB Corporate Bond 10Yr+ Coupon 4.5% exChina,BBUCB10.US,最佳化,Bloomberg Index Services Limited,,,,72963546,TW00000740B0,20180608,20180530,2,1,,是,季配,,NTD,USD,5849,永豐商業銀行,030,美商道富銀行,1000,每受益權單位為準,同上櫃證券,每受益權單位市價未滿50元者為1分；50元以上為5分,,上櫃當日即適用，且無平盤以下不得融券及借券賣出之限制,,最高千分之一點四二五,30億元(含)以下：0.40%30億元以上0.30%,30億元(含)以下：0.16%30億元~100億元(含)：0.14%100億元以上：0.12%,富邦證券投資信託股份有限公司,現金申購/贖回,上午9時至14時00分,1000,不超過1%,不超過1%,(02)8771-6688,台北市敦化南路一段108號8樓,胡德興,胡德興,李明州,李明州,粘瑞益,富邦證券投資信託股份有限公司,富邦證券投資信託股份有限公司,(02)8771-6688,台北市敦化南路一段108號8樓,,293134237
2019,00741B,富邦全球高收債,98638833,富邦全球高收債,富邦彭博巴克萊優選1-5年高收益債券ETF證券投資信託基金,Fubon1-5 Years US High Yeild Bond Ex China,B,債券指數股票型,#G,全球,債券ETF,彭博巴克萊優選1-5年高收益(中國除外)債券指數,Bloomberg Barclays US High Yield 1-5 Year Coupon 4% exChina,BBUH5.US,最佳化,Bloomberg Index Services Limited,,,,72963525,TW00000741B8,20180608,20180530,2,1,,是,季配,,NTD,USD,5838,華南商業銀行,081,匯豐(台灣)商業銀行,1000,每受益權單位為準,同上櫃證券,每受益權單位市價未滿50元者為1分；50元以上為5分,,上櫃當日即適用，且無平盤以下不得融券及借券賣出之限制,,最高千分之一點四二五,30億元(含)以下：0.40%30億元以上0.30%,30億元(含)以下時：0.16%30億元~100億元(含)：0.10%100億元以上：0.08%,富邦證券投資信託股份有限公司,現金申購/贖回,上午9時至14時00分,1000,不超過1%,不超過1%,(02)8771-6688,台北市敦化南路一段108號8樓,胡德興,胡德興,李明州,李明州,粘瑞益,富邦證券投資信託股份有限公司,富邦證券投資信託股份有限公司,(02)8771-6688,台北市敦化南路一段108號8樓,,292200611
2019,00742,新光內需收益,98638847,新光內需收益,新光特選內需收益ETF證券投資信託基金,Shin Kong Domestic Demand High Dividend ETF,A,國內指數股票型,TW,臺灣,國內成分證券指數股票型基金,特選內需高收益指數,,TWA5V,最佳化複製法、完全複製法,臺灣指數有限公司,,,,72964067,TW0000074202,20180622,20180612,1,1,,否,年配,,NTD,NTD,2834,臺灣中小企業銀行,,,1000,每受益權單位為準,臺灣證券交易所開盤日上午9:00~下午1:30,每受益權單位市價未滿50元者為1分；50元以上為5分,10,上市當日即適用，且融券賣出無平盤以下不得放空限制,0.001,同上市證券，由證券商訂定，但不得超過千分之一點四二五,基金規模未滿20億元:0.43%基金規模20億元(含)以上未滿50億元 : 0.33%基金規模50億元(含)以上: 0.28%,0.035,新光證券投資信託股份有限公司,現金申購/贖回,上午9時至中午12時,500,最高不超過發行價格之百分之二,0.1%,(02)25071123,台北市中山區南京東路二段123號12樓,劉坤錫,陳文雄,陳文雄,邱志榮,牟宗堯,,臺灣集中保管結算所股份有限公司,(02)27195805,台北市復興北路363號11樓,,292557744
2019,00743,國泰中國A150,98638896,國泰中國A150,國泰新中國傘型基金之富時中國A150ETF基金,Cathay FTSE China A150 ETF,O,跨國投資股票型,CN,中國,國外成分證券指數股票型基金,富時中國A150指數,,XIN150.CN,完全複製法為主，最佳化法為輔,富時羅素指數公司,,,,72969582,TW0000074301,20180803,20180725,1,1,,是,不配息,,NTD,CNY,5841,中國信託商業銀行,325,香港上海匯豐銀行,1000,每受益權單位為準,同上市證券,50元以上為0.05元50元以下為0.01元,,上市當日即適用，且無平盤以下不得融券及借券賣出之限制,0.001,最高千分之一點四二五,0.9,0.1。,國泰證券投資信託股份有限公司,現金申購/贖回,上午9時至中午12時,500,最高2.0%,最高2.0%,0227008399,台北市大安區敦化南路2段39號6樓,張錫,吳惠君,張雍川,張永輝,鄭立誠,國泰證券投資信託股份有限公司,台灣集中保管結算所股份有限公司,0227195805,台北市復興北路363號11樓,,292200611
2019,00744B,國泰中國政金債5+,98638892,國泰中國政金債5+,國泰富時中國5年期以上政策金融債券ETF證券投資信託基金,Cathay FTSE Chinese Policy Bank Bond 5+ Years ETF,B,債券指數股票型,CN,中國,債券ETF,富時中國政策性銀行債5年期以上指數,,SBCNP5L.CN,最佳化法為主，完全複製法為輔,富時羅素指數公司,,,,72969605,TW00000744B2,20180803,20180725,2,1,,是,半年配,,NTD,CNY,5838,華南商業銀行,030,美商道富銀行,1000,每受益權單位為準,同上櫃證券,50元以上為0.05元50元以下為0.01元,,上櫃當日即適用，且無平盤以下不得融券及借券賣出之限制,,最高千分之一點四二五,30億以下：0.4%30億以上: 0.3%,30億以下：0.15%30億以上: 0.12%,國泰證券投資信託股份有限公司,現金申購/贖回,上午9時至中午12時,1500,最高1.0%,最高1.0%,(02)27008399,106台北市大安區敦化南路二段39號6樓,張錫,吳惠君,張雍川,張永輝,鄭立誠,國泰證券投資信託股份有限公司,台灣集中保管結算所股份有限公司,(02)27195805,台北市復興北路363號11樓,,293257699
2019,00745B,富邦中政債0-1,98638910,富邦中政債0-1,富邦多元收益ETF傘型證券投資信託基金之富邦中國政策金融債券0-1年ETF證券投資信託基金,Fubon China Policy Bank Bond 0-1 ETF,B,債券指數股票型,CN,中國,債券ETF,富時中國政策金融債券0-1年指數,FTSE Chinese Policy Bank Bond 0-1 Year Select Index,CFIIPSL.CN,最佳化,FTSE Fixed Income LLC,,,,73626473,TW00000745B9,20180815,20180801,2,1,,是,不配息,,NTD,CNY,5849,永豐商業銀行,021,花旗(台灣)商業銀行,1000,每受益權單位為準,同上櫃證券,每受益權單位市價未滿50元者為1分；50元以上為5分,,上櫃當日即適用，且無平盤以下不得融券及借券賣出之限制,,同上櫃證券，由證券商訂定，但不得超過千分之一．四二五,50億元(含)以下：0.20%50億元~100億元(含)：0.18%100億元~200億元(含)：0.14%逾200億元：0.10%,0.075,富邦證券投資信託股份有限公司,現金申購/贖回,上午九時至下午一時止,2500,不超過1%,不超過1%,(02)8771-6688,台北市敦化南路一段108號8樓,胡德興,胡德興,李明州,李明州,粘瑞益,富邦證券投資信託股份有限公司,富邦證券投資信託股份有限公司,(02)8771-6688,台北市敦化南路一段108號8樓,,292200611
2019,00746B,富邦A級公司債,98638911,富邦A級公司債,富邦多元收益ETF傘型證券投資信託基金之富邦彭博巴克萊9-35年A級美元息收公司債券ETF證券投資信託基金,Fubon 9-35 Years US Corporate Bond A ETF,B,債券指數股票型,US,美國,債券ETF,彭博巴克萊美元公司債A等級9-35年發行人3%限制指數,Bloomberg Barclays US Corporate A3 or Better 9-35 Year 1bn 3% Issuer Capped Index,BBUSCA3.US,最佳化,Bloomberg Index Services Limited,,,,73626500,TW00000746B7,20180815,20180801,2,1,,是,季配,,NTD,USD,5844,第一商業銀行,030,美商道富銀行,1000,每受益權單位為準,同上櫃證券,每受益權單位市價未滿50元者為1分；50元以上為5分,,上櫃當日即適用，且無平盤以下不得融券及借券賣出之限制,,同上櫃證券，由證券商訂定，但不得超過千分之一．四二五,30億元(含)以下：0.40%30億元以上0.30%,30億元(含)以下時：0.16%30億元~100億元(含)：0.12%100億元以上：0.10%,富邦證券投資信託股份有限公司,現金申購/贖回,上午9時至14時00分,1000,不超過1%,不超過1%,(02)8771-6688,台北市敦化南路一段108號8樓,胡德興,胡德興,李明州,李明州,粘瑞益,富邦證券投資信託股份有限公司,富邦證券投資信託股份有限公司,(02)8771-6688,台北市敦化南路一段108號8樓,,293934244
2019,00747B,FH中國政策債,98638934,FH中國政策債,復華中國5年期以上政策性金融債券ETF證券投資信託基金,Fuh Hwa China 5+ Yr Policy Bank Bond ETF,B,債券指數股票型,CN,中國,債券ETF,彭博巴克萊5年期以上中國政策性金融債券指數,,BBCPB5Y.CN,以最佳化法為主,彭博指數服務公司(Bloomberg Index Services Limited),,,,73634804,TW00000747B5,20180904,20180823,2,1,,是,半年配,,NTD,CNY,5847,玉山商業銀行,030,美商道富銀行,1000,每受益權單位為準,同上櫃證券,每受益權單位市價未滿50元者為0.01元；50元以上為0.05元,,上櫃當日即適用，且無平盤以下不得融券及借券賣出之限制,,同上市證券，由證券商訂定，但不得超過千分之一．四二五,30億以下(含)：0.4%30億以上: 0.3%,30億以下(含)：0.15%30億以上: 0.12%,復華證券投資信託股份有限公司,現金申購/贖回,上午9時至中午12時,500,最高不得超過每受益權單位淨資產價值之2%,詳公開說明書,(02)8161-6800,台北市八德路二段308號8樓,杜俊雄,周輝啟,周輝啟,邱明強,余文耀,,臺灣集中保管結算所股份有限公司,(02)2719-5805,台北市復興北路363號11樓,,293057744
2019,00748B,凱基中國債3-10,98638946,凱基中國債3-10,凱基3至10年期中國政策金融債券ETF證券投資信託基金,KGI China Policy Bank 3-10 Year Bond ETF,B,債券指數股票型,CN,中國,債券ETF,彭博巴克萊中國政策金融債3-10年期債券指數,Bloomberg Barclays China Policy Bank 3-10 Years Index,BBCP310.CN,最佳化,Bloomberg Index Services Limited,,,,73658896,TW00000748B3,20180920,20180905,2,1,,是,半年配,,NTD,CNY,2801,彰化商業銀行,081,匯豐(台灣)商業銀行,1000,每受益權單位為準,同上櫃證券,每受益權單位市價未滿50元者為1分；50元以上為5分,,上櫃當日即適用，且無平盤以下不得融券及借券賣出之限制,,最高千分之一點四二五,40億元(含)以下：0.35％40億元以上：0.25%,40億元(含)以下：0.15%40億元以上：0.12%,凱基證券投資信託股份有限公司,現金申購/贖回,上午9時至中午12時30分,500,不超過1%,不超過1%,(02)2181-5678,台北市中山區明水路698號,丁紹曾,張慈恩,高子敬,無,郭修誠,,臺灣集中保管結算所股份有限公司,(02)2719-5805,台北市復興北路363號11樓,,293032503
2019,00749B,凱基新興債10+,98638947,凱基新興債10+,凱基10年期以上新興市場BBB美元主權債及類主權債券ETF證券投資信託基金,KGI 10+Year Emerging Market USD Investment Grade Bond ETF,B,債券指數股票型,#EM,新興市場,債券ETF,彭博巴克萊新興市場10年期以上BBB美元主權債及類主權債國家15%上限指數,Bloomberg Barclays EM USD Sovereign + Quasi-Sov Baa 10+ Year 15% Country Cap Index,BBEMUSD10Y,最佳化,Bloomberg Index Services Limited,,,,73658930,TW00000749B1,20180920,20180905,2,1,,是,季配,,NTD,USD,5854,合作金庫商業銀行,030,美商道富銀行,1000,每受益權單位為準,同上櫃證券,每受益權單位市價未滿50元者為1分；50元以上為5分,,上櫃當日即適用，且無平盤以下不得融券及借券賣出之限制,,最高千分之一點四二五,40億元(含)以下：0.40％40億元以上：0.35%,40億元(含)以下：0.16%40億元以上：0.10%,凱基證券投資信託股份有限公司,現金申購/贖回,上午9時至下午13時30分,500,不超過1%,不超過1%,(02)2181-5678,台北市中山區明水路698號,丁紹曾,張慈恩,高子敬,無,陳侑宣,,臺灣集中保管結算所股份有限公司,(02)2719-5805,台北市復興北路363號11樓,,293832549
2019,00750B,凱基科技債10+,98638948,凱基科技債10+,凱基10年期以上科技業公司債券ETF證券投資信託基金,KGI 10+ Year USD Technology Bond ETF,B,債券指數股票型,US,美國,債券ETF,彭博巴克萊10年期以上美元科技業公司債券指數,Bloomberg Barclays US Corporate 10+ Year Technology Index,BBUSTEC10Y,最佳化,Bloomberg Index Services Limited,,,,73658988,TW00000750B9,20180920,20180905,2,1,,是,季配,,NTD,USD,5876,上海商業儲蓄銀行,030,美商道富銀行,1000,每受益權單位為準,同上櫃證券,每受益權單位市價未滿50元者為1分；50元以上為5分,,上櫃當日即適用，且無平盤以下不得融券及借券賣出之限制,,最高千分之一點四二五,40億元(含)以下：0.40％40億元以上：0.20%,40億元（含）以下：0.16%40億元~200億元(含)以下：0.10%200億元以上：0.06%,凱基證券投資信託股份有限公司,現金申購/贖回,上午9時至下午13時30分,500,不超過1%,不超過1%,(02)2181-5678,台北市中山區明水路698號,丁紹曾,張慈恩,高子敬,無,鄭翰紘,,臺灣集中保管結算所股份有限公司,(02)2719-5805,台北市復興北路363號11樓,,293732581
2019,00751B,元大AAA至A公司債,98638953,元大AAA至A公司債,元大20年期以上AAA至A級美元公司債券ETF證券投資信託基金,Yuanta US 20+ Year AAA-A Corporate Bond ETF,B,債券指數股票型,US,美國,債券ETF,彭博巴克萊美國20+年期AAA-A公司債流動性指數,Bloomberg Barclays US 20+ Year AAA-A Corporate Bond liquid index,BBCBAAA.US,最佳化,彭博指數服務公司(Bloomberg Index Services Limited),,,,73656187,TW00000751B7,20181003,20180920,2,1,,是,季配,,NTD,USD,5838,華南商業銀行,021,花旗(台灣)商業銀行,1000,每受益權單位為準,同上櫃證券,每受益權單位市價未滿50元者為1分；50元以上為5分,,上櫃當日即適用，且無平盤以下不得融券及借券賣出之限制,,同上市證券，由證券商訂定，但不得超過千分之一．四二五,30億以下:0.40%30億~100億以下(含):0.3%100億~200億以下(含):0.25%200億~300億以下(含):0.20%300億以上:0.18%,200億以下:0.10%200億以上:0.06%,元大證券投資信託股份有限公司,現金申購/贖回,上午9時至中午13時30分,500,最高不得超過發行價格之1%，本基金申購手續費依最新公開說明書規定。,最高不得超過每受益權單位淨資產價值之1%，並得由經理公司在此範圍內公告後調整。買回手續費依最新公開說明書之規定。,(02)27175555,台北市中山區南京東路三段219號11樓,黃古彬,劉宗聖,劉宗聖,黃昭棠,李政儒,,臺灣集中保管結算所股份有限公司,(02)27195805,台北市復興北路363號11樓,,294057772
2019,00752,中信中國50,98639053,中信中國50,中國信託MSCI中國外資自由投資50不含A及B股ETF證券投資信託基金,CTBC MSCI China Free 50 ex A and B ETF,O,跨國投資股票型,CN,中國,國外成分證券指數股票型基金,MSCI中國自由50不含A及B股指數,MSCI China Free 50 ex A&B Shares Index,MSXAB.CN,最佳化複製法,摩根士丹利資本國際公司(MSCI Limited),,,,73680588,TW0000075209,20181031,20181024,1,1,,是,不配息,,NTD,USD,5843,兆豐國際商業銀行,030,美商道富銀行,1000,每受益權單位為準,臺灣證券交易所開盤日上午9:00~下午1:30,未滿50元者為0.01元；50元以上為0.05元,,上市當日即開放信用交易且無平盤下不得融券放空的限制,0.001,同上市證券，由證券商訂定，但不得超過千分之一．四二五,0.99,0.18。,中國信託證券投資信託股份有限公司,現金申購/贖回,上午9時至上午11時,500,上市日起：每受益權單位之申購手續費最高不得超過各子基金每受益權單位淨資產價值2%,每一買回基數之買回手續費最高不得超過買回總價金之2%,26526688,台北市南港區經貿二路188號12樓,陳國世,張浴澤,張浴澤,黃伊芃,葉松炫,,中國信託證券投資信託股份有限公,26526688,台北市南港區經貿二路188號12樓,,292200611
2019,00753L,中信中國50正2,98639052,中信中國50正2,中國信託MSCI中國外資自由投資50不含A及B股單日正向2倍ETF證券投資信託基金,CTBC MSCI China Free 50 ex A and B Daily Leveraged 2X ETF,L,槓桿指數股票型,CN,中國,槓桿/反向指數股票型基金,MSCI中國自由50不含A及B股單日正向2倍指數,MSCI China Free 50 ex A&B Shares Daily Leveraged(2X)Index,MSXAB2X.CN,最佳化複製法,摩根士丹利資本國際公司(MSCI Limited),,,,73680567,TW00000753L2,20181031,20181024,1,2,,是,不配息,,NTD,USD,5836,台北富邦商業銀行,,,1000,每受益權單位為準,臺灣證券交易所開盤日上午9:00~下午1:30,未滿50元者為0.01元；50元以上為0.05元,,上市當日即適用，且融券賣出無平盤以下不得放空限制,0.001,同上市證券，由證券商訂定，但不得超過千分之一點四二五,0.99,0.2,中國信託證券投資信託股份有限公司,現金申購/贖回,上午9時至上午11時,500,上市日起：每受益權單位之申購手續費最高不得超過各子基金每受益權單位淨資產價值2%,每一買回基數之買回手續費最高不得超過買回總價金之2%,26526688,台北市南港區經貿二路188號12樓,陳國世,張浴澤,張浴澤,黃伊芃,詹佳峰,,中國信託證券投資信託股份有限公,26526688,台北市南港區經貿二路188號12樓,,292200611
2019,00754B,群益AAA-AA公司債,98639013,群益AAA-AA公司債,群益投資等級債券ETF傘型證券投資信託基金之群益15年期以上高評等公司債ETF證券投資信託基金,CAPITAL ICE 15+ YEAR AAA-AA US CORPORATE EXCHANGE TRADED FUND,B,債券指數股票型,US,美國,債券ETF,ICE 15年期以上高評等公司債指數,ICE 15+ Year AAA-AA US Corporate Constrained Index,ICE15AA.US,最佳化,ICE Data Indices   LLC,,,,73682050,TW00000754B1,20181022,20181015,2,1,,是,季配,,NTD,USD,5847,玉山商業銀行,030,美商道富銀行,1000,每受益權單位為準,同上櫃證券,每受益權單位市價未滿50元者為1分；50元以上為5分,,上櫃當日即適用，且無平盤以下不得融券及借券賣出之限制,,最高千分之一點四二五,100億(含)以下：0.30%100億(不含)以上，200億(含)以下：0.25%200億(不含)以上：0.20%,30億(含)以下：0.16%30億(不含)以上，200億(含)以下：0.10%200億(不含)以上：0.06%,群益證券投資信託股份有限公司,現金申購/贖回,上午9時至下午13時30分,500,0-2%,0-2%,(02)27067688,台北市大安區敦化南路二段69號15樓,賴政昇,林慧玟,陳明輝,無,張菁惠,無,群益證券投資信託股份有限公司,(02)27067688,台北市大安區敦化南路二段69號15樓,,293757750
2019,00755B,群益15年IG公用債,98639012,群益15年IG公用債,群益投資等級債券ETF傘型證券投資信託基金之群益15年期以上公用事業公司債ETF證券投資信託基金,CAPITAL ICE 15+ YEAR US UTILITY EXCHANGE TRADED FUND,B,債券指數股票型,US,美國,債券ETF,ICE 15年期以上公用事業公司債指數, ICE 15+ Year US Utility excluding Yankee Index,ICE15U.US,最佳化,ICE Data Indices   LLC,,,,73682045,TW00000755B8,20181022,20181015,2,1,,是,季配,,NTD,USD,5847,玉山商業銀行,030,美商道富銀行,1000,每受益權單位為準,同上櫃證券,每受益權單位市價未滿50元者為1分；50元以上為5分,,上櫃當日即適用，且無平盤以下不得融券及借券賣出之限制,,最高千分之一點四二五,100億(含)以下：0.30%100億(不含)以上，200億(含)以下：0.25%200億(不含)以上：0.20%,30億(含)以下：0.16%30億(不含)以上，200億(含)以下：0.10%200億(不含)以上：0.06%,群益證券投資信託股份有限公司,現金申購/贖回,上午9時至中午13時30分,500,0-2%,0-2%,(02)27067688,台北市大安區敦化南路二段69號15樓,賴政昇,林慧玟,陳明輝,無,張菁惠,無,群益證券投資信託股份有限公司,(02)27067688,台北市大安區敦化南路二段69號15樓,,293657759
2019,00756B,群益15年EM主權債,98639014,群益15年EM主權債,群益投資等級債券ETF傘型證券投資信託基金之群益15年期以上新興市場主權債ETF證券投資信託基金,CAPITAL ICE INTERNATIONAL 15+ YEAR US EMERGING MARKETS EXTERNAL SOVEREIGN EXCHANGE TRADED FUND,B,債券指數股票型,#EM,新興市場,債券ETF,ICE 15年期以上新興市場主權債指數,ICE International 15+ Year US Emerging Markets External Sovereign Index,ICE15EM.US,最佳化,ICE Data Indices   LLC,,,,73682158,TW00000756B6,20181022,20181015,2,1,,是,季配,,NTD,USD,5838,華南商業銀行,325,香港上海匯豐銀行,1000,每受益權單位為準,同上櫃證券,每受益權單位市價未滿50元者為1分；50元以上為5分,,上櫃當日即適用，且無平盤以下不得融券及借券賣出之限制,,最高千分之一點四二五,30億(含)以下：0.45%30億(不含)以上，200億(含)以下：0.35%200億(不含)以上：0.25%,30億(含)以下：0.16%30億(不含)以上，200億(含)以下：0.10%200億(不含)以上：0.06%,群益證券投資信託股份有限公司,現金申購/贖回,上午9時至中午13時30分,500,0-2%,0-2%,(02)27067688,台北市大安區敦化南路二段69號15樓,賴政昇,林慧玟,陳明輝,無,張菁惠,無,群益證券投資信託股份有限公司,(02)27067688,台北市大安區敦化南路二段69號15樓,,293557648
2019,00757,統一FANG+,98639085,統一FANG+,統一NYSE FANG+ ETF證券投資信託基金,UPAMC NYSE FANG+ ETF,O,跨國投資股票型,US,美國,國外成分證券指數股票型基金,NYSE FANG+ Index,,NYFANG.US,完全複製法,ICE Data Indices   LLC,,,,73692389,TW0000075704,20181206,20181127,1,1,,是,不配息,,NTD,USD,5847,玉山商業銀行,081,匯豐(台灣)商業銀行,1000,每受益權單位為準,臺灣證券交易所開盤日上午9:00~下午1:30,未滿50元者為0.01元；50元以上為0.05元,,上市當日即開放信用交易，且無平盤下不得融券放空限制,0.001,同上市證券，由證券商訂定，但不得超過千分之一．四二五,0.85,0.18。,統一證券投資信託股份有限公司,現金申購/贖回,上午9:00至下午1:30,500,2%,2%,02-27478388,台北市東興路8號8樓,鄧潤澤,游麗美,李怡慶,游麗美,袁永騰,,統一證券投資信託股份有限公司,02-27478388,台北市東興路8號8樓,,293257735
2019,00758B,FH能源債,98639070,FH能源債,復華特選債券傘型證券投資信託基金之復華15年期以上能源業債券ETF證券投資信託基金,Fuh Hwa 15+ Yr Energy Bond ETF,B,債券指數股票型,US,美國,債券ETF,彭博巴克萊15年期以上美元能源業公司債券指數,,BB15EN.US,以最佳化法為主,彭博指數服務公司(Bloomberg Index Services Limited),,,,73688977,TW00000758B2,20181114,20181102,2,1,,是,季配,,NTD,USD,5849,永豐商業銀行,030,美商道富銀行,1000,每受益權單位為準,同上櫃證券,每受益權單位市價未滿50元者為0.01元；50元以上為0.05元,,上櫃當日即適用，且無平盤以下不得融券及借券賣出之限制,,同上櫃證券,30億元(含)以下：0.45%30億元(不含)以上~100億元(含)：0.35%100億元(不含)以上~200億元(含)：0.30%200億元(不含)以上：0.20%,50億元(含)以下：0.11%50億元(不含)以上~100億元(含)：0.10%100億元(不含)以上~200億元(含)：0.08%200億元(不含)以上：0.06%,復華證券投資信託股份有限公司,現金申購/贖回,上午9時至中午12時,500,最高不得超過每受益權單位淨資產價值之2%,詳公開說明書,(02)8161-6800,台北市八德路二段308號8樓,杜俊雄,周輝啟,周輝啟,邱明強,蔡旻瑾,,臺灣集中保管結算所股份有限公司,(02)2719-5805,台北市復興北路363號11樓,,293534303
2019,00759B,FH製藥債,98639069,FH製藥債,復華特選債券傘型證券投資信託基金之復華15年期以上製藥業債券ETF證券投資信託基金,Fuh Hwa 15+ Yr Pharmaceuticals Bond ETF,B,債券指數股票型,US,美國,債券ETF,彭博巴克萊15年期以上美元製藥業公司債券指數,,BB15PH.US,最佳化,彭博指數服務公司(Bloomberg Index Services Limited),,,,73688934,TW00000759B0,20181114,20181102,2,1,,是,季配,,NTD,USD,5849,永豐商業銀行,030,美商道富銀行,1000,每受益權單位為準,同上櫃證券,每受益權單位市價未滿50元者為0.01元；50元以上為0.05元,,上櫃當日即適用，且無平盤以下不得融券及借券賣出之限制,,同上櫃證券,30億元(含)以下：0.45%30億元(不含)以上~100億元(含)：0.35%100億元(不含)以上~200億元(含)：0.30%200億元(不含)以上：0.20%,50億元(含)以下：0.11%50億元(不含)以上~100億元(含)：0.10%100億元(不含)以上~200億元(含)：0.08%200億元(不含)以上：0.06%,復華證券投資信託股份有限公司,現金申購/贖回,上午9時至中午12時,500,最高不得超過每受益權單位淨資產價值之2%,詳公開說明書,(02)8161-6800,台北市八德路二段308號8樓,杜俊雄,周輝啟,周輝啟,邱明強,陳怡帆,,臺灣集中保管結算所股份有限公司,(02)2719-5805,台北市復興北路363號11樓,,292457651
2019,00760B,FH新興企業債,98639071,FH新興企業債,復華特選債券傘型證券投資信託基金之復華新興市場企業債券ETF證券投資信託基金,Fuh Hwa Emerging Market Credit Bond ETF,B,債券指數股票型,#EM,新興市場,債券ETF,彭博巴克萊新興市場美元精選信用債券指數,,BBEMCD.US,以最佳化法為主,彭博指數服務公司(Bloomberg Index Services Limited),,,,73689048,TW00000760B8,20181114,20181102,2,1,,是,季配,,NTD,USD,5849,永豐商業銀行,030,美商道富銀行,1000,每受益權單位為準,同上櫃證券,每受益權單位市價未滿50元者為0.01元；50元以上為0.05元,,上櫃當日即適用，且無平盤以下不得融券及借券賣出之限制,,同上櫃證券,30億元(含)以下：0.45%30億元(不含)以上~100億元(含)：0.40%100億元(不含)以上~200億元(含)：0.35%200億元(不含)以上：0.25%,50億元(含)以下：0.11%50億元(不含)以上~100億元(含)：0.10%100億元(不含)以上~200億元(含)：0.08%200億元(不含)以上：0.06%,復華證券投資信託股份有限公司,現金申購/贖回,上午9時至中午12時,500,最高不得超過每受益權單位淨資產價值之2%,詳公開說明書,(02)8161-6800,台北市八德路二段308號8樓,杜俊雄,周輝啟,周輝啟,邱明強,黃凱偉,,臺灣集中保管結算所股份有限公司,(02)2719-5805,台北市復興北路363號11樓,,293534303
2019,00761B,國泰A級公司債,98639077,國泰A級公司債,國泰彭博巴克萊10年期以上A等級美元公司債券ETF證券投資信託基金,Cathay Bloomberg Barclays US Corporate A-and Above 10+ Years Liquid ETF,B,債券指數股票型,US,美國,債券ETF,彭博巴克萊10年期以上高評等流動性美元公司債指數,,BBCA10.US,最佳化法為主，完全複製法為輔,彭博指數服務公司 (Bloomberg Index Services Limited),,,,73701726,TW00000761B6,20181130,20181120,2,1,,是,季配,,NTD,USD,5847,玉山商業銀行,021,花旗(台灣)商業銀行,1000,每受益權單位為準,同上櫃證券,50元以上為0.05元50元以下為0.01元,,上櫃當日即適用，且無平盤以下不得融券及借券賣出之限制,,最高千分之一點四二五,30億元以下(含)：0.40%；30億元~100億元(含)：0.30%；100億元~200億元(含)：0.28%；超過200億元：0.20%,30億元以下(含)：0.16%；30億元~200億元(含)：0.1%；超過200億元：0.06%,國泰證券投資信託股份有限公司,現金申購/贖回,上午9時至中午12時,1500,最高1.0%,最高1.0%,227008399,台北市大安區敦化南路二段39號6樓,張錫,吳惠君,張雍川,張永輝,鄭立誠,國泰證券投資信託股份有限公司,台灣集中保管結算所股份有限公司,(02)27195805,台北市復興北路363號11樓,,293757750
2019,00763U,國票道瓊銅,F0130004,國票道瓊銅,國票華頓道瓊銅ER指數股票型期貨信託基金,Paradigm Dow Jones Copper ER Futures ETF,U,期信指數股票型,US,美國,指數股票型期貨信託基金,道瓊銅ER指數 ,Dow Jones Commodity Index North American Copper ER,DJCIHGE.US,完全複製法,標普道瓊斯指數公司(S&P Dow Jones Indices),,,,73710513,TW00000763U2,20181219,20181212,1,1,,是,不配息,,NTD,USD,5849,永豐商業銀行,,,1000,每受益權單位為準,臺灣證券交易所開盤日上午9:00~下午1:30,每受益權單位市價未滿50元者為1分；50元以上為5分,,上市當日即適用，且融券賣出無平盤以下不得放空限制,0.001,同上市證券，由證券商訂定，但不得超過千分之一點四二五,1,0.15,國票華頓證券投資信託股份有限公司,現金申購/贖回,上午9時至中午13時30分,500,1.00,1.00,21756969,台北市民權東路三段6號5樓,高武忠,彭斌珺,彭斌珺,陳盈如,翁維駿,,臺灣集中保管結算所股份有限公司,(02)2719-5805,臺北市復興北路363號11樓,,292200611
2019,00764B,群益25年美債,98639102,群益25年美債,群益25年期以上美國政府債券ETF證券投資信託基金,CAPITAL ICE 25+ YEAR US TREASURY EXCHANGE TRADED FUND,B,債券指數股票型,US,美國,債券ETF,ICE 25年期以上美國政府債券指數,ICE 25+ Year US Treasury Index,IDCOT25.US,最佳化,ICE Data Indices   LLC,,,,73709430,TW00000764B0,20181224,20181205,2,1,,是,季配,,NTD,USD,5841,中國信託商業銀行,030,美商道富銀行,1000,每受益權單位為準,同上櫃證券,每受益權單位市價未滿50元者為1分；50元以上為5分,,上櫃當日即適用，且無平盤以下不得融券及借券賣出之限制,,同上市證券，由證券商訂定，但不得超過千分之一點四二五,100億(含)以下：0.12%100億(不含)以上，200億(含)以下：0.11%200億(不含)以上：0.10%,30億(含)以下：0.09%30億(不含)以上，100億(含)以下：0.08%100億(不含)以上，200億(含)以下：0.07%200億(不含)以上：0.06%,群益證券投資信託股份有限公司,現金申購/贖回,上午9時至中午13時30分,500,0-2%,0-2%,(02)27067688,台北市大安區敦化南路二段69號15樓,賴政昇,林慧玟,陳明輝,無,張菁惠,無,群益證券投資信託股份有限公司,(02)27067688,台北市大安區敦化南路二段69號15樓,,293857759
2019,00765B,群益中國政金債,98639089,群益中國政金債,群益10年期以下中國政策性金融債券ETF基金,CAPITAL ICE 0-10 YEAR CHINA POLICY BANK EXCHANGE TRADED FUND,B,債券指數股票型,CN,中國,債券ETF,ICE 10年期以下中國政策性金融債券指數,ICE 0-10 Year Laddered Maturity China Policy Bank Index,ICECP10.CN,最佳化,ICE Data Indices   LLC,,,,73709207,TW00000765B7,20181224,20181205,2,1,,是,年配,,NTD,CNY,5844,第一商業銀行,325,香港上海匯豐銀行,1000,每受益權單位為準,同上櫃證券,每受益權單位市價未滿50元者為1分；50元以上為5分,,上櫃當日即適用，且無平盤以下不得融券及借券賣出之限制,,同上市證券，由證券商訂定，但不得超過千分之一點四二五,100億(含)以下：0.30%100億(不含)以上，200億(含)以下：0.27%200億(不含)以上：0.25%,30億(含)以下：0.15%30億(不含)以上，200億(含)以下：0.11%200億(不含)以上：0.08%,群益證券投資信託股份有限公司,現金申購/贖回,上午9時至中午13時00分,500,0-2%,0-2%,(02)27067688,台北市大安區敦化南路二段69號15樓,賴政昇,林慧玟,陳明輝,無,張菁惠,無,群益證券投資信託股份有限公司,(02)27067688,台北市大安區敦化南路二段69號15樓,,293634258
2019,008201,BP上證50,C0073002,BP上證50,標智上證50中國指數基金(本基金配息來源可能為本金),W.I.S.E. - SSE 50 China Tracker,I,境外指數股票型,CN,中國,境外指數股票型基金,上證50指數,,SH000016,代表性抽樣複製法,中証指數有限公司,,,,70806514,HK0000052297,20101208,20090409,1,1,,是,年配,HKD,NTD,CNY,,,F003,中銀國際英國保誠信託有限公司,100,每基金單位為準,同一般股票(上午9時至下午1時30分),每基金單位市價未滿50元者為1分；50元以上為5分,,上市當日即適用，且融券賣出無平盤以下不得放空限制,0.001,同上市證券，由證券商訂定，但不得超過千分之一．四二五,基金淨資產價值7.8億港元的部分，每年0.89%；基金淨資產價值超過7.8億港元的部分，每年0.99%。,從管理費中支出,中銀國際英國保誠資產管理有限公司,現金申購,營業日上午9時至中午11時,200,0.5,最高0.5%,(02)2181-5678,台北市中山區明水路698號,丁紹曾,張慈恩,高子敬,張慈恩,中銀國際英國保誠資產,凱基證券投資信託股份有限公司,凱基證券股份有限公司股務代理部,2389-2999,台北市重慶南路1段2號5樓,臺灣參與證券商處理本基金款券之跨境匯撥，僅限於本申購或買回之程序中為之，但臺灣參與證券商若因市場流動性所需，於香港次級市場申購/買回之跨境匯撥除外。,292200611
